Job_ID,Type,Alloc,Batch,GAS,JCT,Energy,Cost
2,GPT-FineTune,4,32,1,105.0,0.07,0.35
11,GPT-FineTune,4,32,1,105.4,0.07,0.35
33,GPT-FineTune,4,32,1,156.1,0.07,0.35
38,GPT-FineTune,4,32,1,256.8,0.07,0.35
12,DenseNet121,4,128,1,434.5,0.22,0.72
40,DenseNet121,4,128,1,494.3,0.16,0.80
8,GPT-FineTune,4,32,1,597.2,0.23,0.53
35,BERT-Large,1,64,1,560.7,0.08,0.42
36,BERT-Large,1,64,1,557.6,0.08,0.42
24,GPT-FineTune,4,32,1,597.0,0.23,0.53
39,BERT-Large,1,64,1,651.5,0.08,0.42
43,DenseNet121,4,128,1,730.4,0.16,0.80
0,BERT-Large,1,64,1,800.5,0.10,0.33
7,BERT-Large,1,64,1,800.3,0.10,0.33
16,BERT-Large,1,64,1,800.1,0.10,0.33
49,DenseNet121,4,128,1,962.4,0.16,0.80
37,ResNet50,1,128,1,1057.3,0.17,0.83
47,BERT-Large,1,64,1,1055.1,0.08,0.42
50,GPT-FineTune,4,32,1,1067.5,0.07,0.35
44,GPT-FineTune,4,32,1,1135.3,0.23,0.53
41,BERT-Large,1,64,1,1185.7,0.10,0.33
5,BERT-Large,1,64,1,1333.0,0.13,0.30
13,BERT-Large,1,64,1,1333.4,0.13,0.30
18,BERT-Large,1,64,1,1333.7,0.13,0.30
21,BERT-Large,1,64,1,1333.5,0.13,0.30
29,BERT-Large,1,64,1,1333.4,0.13,0.30
31,BERT-Large,1,64,1,1333.3,0.13,0.30
58,DenseNet121,4,128,1,1294.1,0.16,0.80
45,BERT-Large,1,64,1,1336.2,0.10,0.33
48,BERT-Large,1,64,1,1353.9,0.10,0.33
46,DenseNet121,4,128,1,1450.2,0.35,0.79
51,BERT-Large,1,64,1,1462.1,0.08,0.42
20,GPT-FineTune,4,32,1,1530.7,0.39,0.85
32,GPT-FineTune,4,32,1,1531.0,0.39,0.85
1,ResNet50,1,128,1,1600.8,0.20,0.67
3,ResNet50,1,128,1,1600.9,0.20,0.67
4,ResNet50,1,128,1,1600.4,0.20,0.67
9,ResNet50,1,128,1,1600.8,0.20,0.67
15,ResNet50,1,128,1,1600.8,0.20,0.67
57,BERT-Large,1,64,1,1540.2,0.08,0.42
66,GPT-FineTune,4,32,1,1540.3,0.07,0.35
6,DenseNet121,4,128,1,1843.6,0.47,1.02
10,DenseNet121,4,128,1,1843.6,0.47,1.02
19,DenseNet121,4,128,1,1844.0,0.47,1.02
62,GPT-FineTune,4,32,1,1879.0,0.23,0.53
52,ResNet50,1,128,1,1961.7,0.17,0.83
42,ResNet50,1,128,1,1982.5,0.20,0.67
34,BERT-Large,1,64,1,2050.6,0.13,0.28
56,ResNet50,1,128,1,2031.5,0.17,0.83
65,GPT-FineTune,4,32,1,2019.5,0.23,0.53
80,BERT-Large,1,64,1,2012.7,0.08,0.42
60,DenseNet121,4,128,1,2133.9,0.35,0.79
68,BERT-Large,1,64,1,2248.3,0.10,0.33
64,ResNet50,1,128,1,2285.6,0.17,0.83
74,BERT-Large,1,64,1,2279.3,0.10,0.33
75,BERT-Large,1,64,1,2278.4,0.10,0.33
91,GPT-FineTune,4,32,1,2335.3,0.07,0.35
59,BERT-Large,1,64,1,2446.1,0.13,0.30
87,GPT-FineTune,4,32,1,2422.6,0.23,0.53
95,GPT-FineTune,4,32,1,2439.4,0.07,0.35
79,ResNet50,1,128,1,2498.9,0.17,0.83
53,ResNet50,1,128,1,2560.2,0.20,0.67
54,ResNet50,1,128,1,2557.3,0.20,0.67
55,ResNet50,1,128,1,2555.6,0.20,0.67
14,ResNet50,1,128,1,2666.3,0.26,0.59
23,ResNet50,1,128,1,2666.6,0.26,0.59
26,ResNet50,1,128,1,2666.9,0.26,0.59
28,ResNet50,1,128,1,2666.4,0.26,0.59
30,ResNet50,1,128,1,2666.0,0.26,0.59
63,BERT-Large,1,64,1,2617.5,0.13,0.30
89,GPT-FineTune,4,32,1,2563.2,0.23,0.53
98,DenseNet121,4,128,1,2678.1,0.16,0.80
82,ResNet50,1,128,1,2715.2,0.17,0.83
83,ResNet50,1,128,1,2713.1,0.17,0.83
84,ResNet50,1,128,1,2703.4,0.17,0.83
61,ResNet50,1,128,1,2841.3,0.20,0.67
105,GPT-FineTune,4,32,1,2771.5,0.07,0.35
107,GPT-FineTune,4,32,1,2871.3,0.07,0.35
67,GPT-FineTune,4,32,1,2979.0,0.39,0.85
90,DenseNet121,4,128,1,2968.5,0.35,0.79
69,ResNet50,1,128,1,3041.9,0.20,0.67
109,GPT-FineTune,4,32,1,2973.7,0.07,0.35
93,BERT-Large,1,64,1,3029.5,0.10,0.33
94,BERT-Large,1,64,1,3045.5,0.10,0.33
76,ResNet50,1,128,1,3079.3,0.20,0.67
77,ResNet50,1,128,1,3083.6,0.20,0.67
78,ResNet50,1,128,1,3086.3,0.20,0.67
118,GPT-FineTune,4,32,1,3061.0,0.07,0.35
96,BERT-Large,1,64,1,3134.4,0.10,0.33
100,GPT-FineTune,4,32,1,3145.1,0.23,0.53
103,GPT-FineTune,4,32,1,3147.2,0.23,0.53
81,GPT-FineTune,4,32,1,3246.9,0.39,0.85
85,GPT-FineTune,4,32,1,3236.0,0.39,0.85
97,DenseNet121,4,128,1,3309.9,0.35,0.79
101,BERT-Large,1,64,1,3347.9,0.10,0.33
71,BERT-Large,1,64,1,3464.9,0.13,0.28
72,BERT-Large,1,64,1,3464.7,0.13,0.28
116,BERT-Large,1,64,1,3430.1,0.08,0.42
120,DenseNet121,4,128,1,3449.7,0.22,0.72
115,GPT-FineTune,4,32,1,3533.0,0.23,0.53
121,BERT-Large,1,64,1,3558.4,0.08,0.42
106,ResNet50,1,128,1,3663.5,0.17,0.83
123,GPT-FineTune,4,32,1,3702.5,0.23,0.53
88,DenseNet121,4,128,1,3797.2,0.47,1.02
117,BERT-Large,1,64,1,3759.9,0.10,0.33
92,ResNet50,1,128,1,3829.9,0.20,0.67
17,ResNet50,1,128,1,4000.9,0.26,0.56
22,ResNet50,1,128,1,4000.9,0.26,0.56
25,ResNet50,1,128,1,4000.1,0.26,0.56
27,ResNet50,1,128,1,4000.4,0.26,0.56
112,ResNet50,1,128,1,3897.5,0.17,0.83
114,ResNet50,1,128,1,3896.5,0.17,0.83
137,DenseNet121,4,128,1,3866.2,0.22,0.72
124,DenseNet121,4,128,1,4001.8,0.35,0.79
122,ResNet50,1,128,1,4058.4,0.17,0.83
102,ResNet50,1,128,1,4145.6,0.20,0.67
125,ResNet50,1,128,1,4109.2,0.17,0.83
126,ResNet50,1,128,1,4107.3,0.17,0.83
104,ResNet50,1,128,1,4147.9,0.20,0.67
150,GPT-FineTune,4,32,1,4079.9,0.12,0.39
141,BERT-Large,1,64,1,4230.9,0.10,0.33
108,ResNet50,1,128,1,4365.7,0.20,0.67
138,ResNet50,1,128,1,4431.8,0.17,0.83
156,DenseNet121,4,128,1,4507.7,0.22,0.72
119,ResNet50,1,128,1,4586.1,0.20,0.67
143,DenseNet121,4,128,1,4576.0,0.35,0.79
133,BERT-Large,1,64,1,4587.6,0.13,0.30
134,BERT-Large,1,64,1,4585.2,0.13,0.30
136,BERT-Large,1,64,1,4581.6,0.13,0.30
157,BERT-Large,1,64,1,4573.3,0.08,0.42
159,BERT-Large,1,64,1,4569.8,0.08,0.42
144,ResNet50,1,128,1,4682.9,0.17,0.83
145,ResNet50,1,128,1,4680.1,0.17,0.83
127,ResNet50,1,128,1,4706.5,0.20,0.67
130,GPT-FineTune,4,32,1,4704.1,0.39,0.85
110,DenseNet121,4,128,1,4744.4,0.47,1.02
161,DenseNet121,4,128,1,4723.6,0.22,0.72
142,BERT-Large,1,64,1,4831.9,0.13,0.30
151,ResNet50,1,128,1,4847.4,0.17,0.83
152,DenseNet121,4,128,1,4858.9,0.35,0.79
158,BERT-Large,1,64,1,4872.0,0.10,0.33
175,DenseNet121,4,128,1,4880.1,0.16,0.80
162,BERT-Large,1,64,1,4897.4,0.08,0.42
155,ResNet50,1,128,1,4963.4,0.17,0.83
182,GPT-FineTune,4,32,1,4937.3,0.12,0.39
146,BERT-Large,1,64,1,5011.4,0.13,0.30
99,ResNet50,1,128,1,5101.8,0.26,0.59
160,ResNet50,1,128,1,5069.2,0.17,0.83
149,BERT-Large,1,64,1,5132.9,0.13,0.30
128,BERT-Large,1,64,1,5173.3,0.13,0.28
129,BERT-Large,1,64,1,5171.6,0.13,0.28
131,BERT-Large,1,64,1,5173.6,0.13,0.28
132,BERT-Large,1,64,1,5172.0,0.13,0.28
186,DenseNet121,4,128,1,5103.9,0.16,0.80
147,GPT-FineTune,4,32,1,5247.0,0.39,0.85
191,GPT-FineTune,4,32,1,5202.0,0.07,0.35
163,BERT-Large,1,64,1,5298.0,0.10,0.33
164,BERT-Large,1,64,1,5297.4,0.10,0.33
165,BERT-Large,1,64,1,5297.1,0.10,0.33
166,BERT-Large,1,64,1,5295.7,0.10,0.33
148,GPT-FineTune,4,32,1,5331.0,0.39,0.85
70,ResNet50,1,128,1,5473.0,0.26,0.56
73,ResNet50,1,128,1,5463.4,0.26,0.56
188,DenseNet121,4,128,1,5360.1,0.22,0.72
139,BERT-Large,1,64,1,5431.7,0.13,0.28
140,BERT-Large,1,64,1,5431.4,0.13,0.28
177,BERT-Large,1,64,1,5447.5,0.10,0.33
194,DenseNet121,4,128,1,5435.1,0.16,0.80
111,ResNet50,1,128,1,5564.4,0.26,0.59
113,ResNet50,1,128,1,5563.1,0.26,0.59
154,ResNet50,1,128,1,5565.2,0.20,0.67
189,GPT-FineTune,4,32,1,5551.5,0.23,0.53
210,GPT-FineTune,4,32,1,5519.8,0.07,0.35
86,ResNet50,1,128,1,5713.8,0.26,0.56
192,BERT-Large,1,64,1,5596.2,0.08,0.42
206,DenseNet121,4,128,1,5762.8,0.22,0.72
218,DenseNet121,4,128,1,5751.4,0.16,0.80
184,ResNet50,1,128,1,5811.0,0.17,0.83
135,ResNet50,1,128,1,5917.2,0.26,0.59
169,BERT-Large,1,64,1,5873.5,0.13,0.30
173,BERT-Large,1,64,1,5869.0,0.13,0.30
174,BERT-Large,1,64,1,5867.4,0.13,0.30
202,BERT-Large,1,64,1,6053.5,0.10,0.33
167,ResNet50,1,128,1,6127.4,0.20,0.67
220,BERT-Large,1,64,1,6053.5,0.08,0.42
185,BERT-Large,1,64,1,6150.8,0.13,0.30
196,ResNet50,1,128,1,6191.8,0.17,0.83
197,ResNet50,1,128,1,6189.4,0.17,0.83
222,DenseNet121,4,128,1,6176.0,0.22,0.72
223,BERT-Large,1,64,1,6239.0,0.08,0.42
225,BERT-Large,1,64,1,6288.1,0.08,0.42
231,GPT-FineTune,4,32,1,6331.0,0.07,0.35
224,GPT-FineTune,4,32,1,6389.6,0.23,0.53
187,ResNet50,1,128,1,6464.3,0.20,0.67
180,DenseNet121,4,128,1,6501.9,0.47,1.02
153,ResNet50,1,128,1,6632.4,0.26,0.59
178,BERT-Large,1,64,1,6647.2,0.13,0.28
179,BERT-Large,1,64,1,6647.0,0.13,0.28
234,DenseNet121,4,128,1,6566.3,0.16,0.80
230,DenseNet121,4,128,1,6595.5,0.22,0.72
221,ResNet50,1,128,1,6743.1,0.17,0.83
226,ResNet50,1,128,1,6786.5,0.17,0.83
227,ResNet50,1,128,1,6786.4,0.17,0.83
233,BERT-Large,1,64,1,6776.6,0.08,0.42
199,ResNet50,1,128,1,6843.2,0.20,0.67
200,ResNet50,1,128,1,6842.2,0.20,0.67
243,DenseNet121,4,128,1,6785.8,0.16,0.80
203,ResNet50,1,128,1,6852.9,0.20,0.67
214,BERT-Large,1,64,1,6847.0,0.13,0.30
215,BERT-Large,1,64,1,6845.8,0.13,0.30
216,BERT-Large,1,64,1,6845.5,0.13,0.30
244,GPT-FineTune,4,32,1,6799.4,0.12,0.39
190,DenseNet121,4,128,1,6939.5,0.47,1.02
247,GPT-FineTune,4,32,1,6856.9,0.07,0.35
209,ResNet50,1,128,1,6997.3,0.20,0.67
193,DenseNet121,4,128,1,7029.3,0.47,1.02
259,GPT-FineTune,4,32,1,6942.5,0.07,0.35
213,ResNet50,1,128,1,7086.1,0.20,0.67
201,DenseNet121,4,128,1,7096.6,0.47,1.02
262,GPT-FineTune,4,32,1,7042.7,0.07,0.35
168,ResNet50,1,128,1,7207.2,0.26,0.59
170,ResNet50,1,128,1,7204.3,0.26,0.59
171,ResNet50,1,128,1,7201.7,0.26,0.59
172,ResNet50,1,128,1,7202.6,0.26,0.59
239,BERT-Large,1,64,1,7184.8,0.10,0.33
204,BERT-Large,1,64,1,7269.8,0.13,0.28
205,BERT-Large,1,64,1,7269.2,0.13,0.28
254,DenseNet121,4,128,1,7222.4,0.22,0.72
208,BERT-Large,1,64,1,7335.3,0.13,0.28
252,BERT-Large,1,64,1,7276.1,0.08,0.42
265,DenseNet121,4,128,1,7277.1,0.16,0.80
183,ResNet50,1,128,1,7447.8,0.26,0.59
258,BERT-Large,1,64,1,7323.7,0.08,0.42
219,BERT-Large,1,64,1,7537.1,0.13,0.28
232,BERT-Large,1,64,1,7558.2,0.13,0.30
273,DenseNet121,4,128,1,7500.6,0.16,0.80
251,BERT-Large,1,64,1,7564.4,0.10,0.33
228,ResNet50,1,128,1,7618.1,0.20,0.67
229,ResNet50,1,128,1,7635.2,0.20,0.67
272,DenseNet121,4,128,1,7618.3,0.22,0.72
237,BERT-Large,1,64,1,7702.3,0.13,0.30
238,BERT-Large,1,64,1,7702.2,0.13,0.30
261,BERT-Large,1,64,1,7714.9,0.10,0.33
195,ResNet50,1,128,1,7860.7,0.26,0.59
198,ResNet50,1,128,1,7853.6,0.26,0.59
253,ResNet50,1,128,1,7774.6,0.17,0.83
278,DenseNet121,4,128,1,7728.0,0.16,0.80
257,ResNet50,1,128,1,7831.0,0.17,0.83
266,BERT-Large,1,64,1,7837.6,0.10,0.33
245,BERT-Large,1,64,1,7901.3,0.13,0.30
281,GPT-FineTune,4,32,1,7827.2,0.12,0.39
211,ResNet50,1,128,1,8096.4,0.26,0.59
212,ResNet50,1,128,1,8095.3,0.26,0.59
275,BERT-Large,1,64,1,8054.6,0.10,0.33
217,ResNet50,1,128,1,8177.5,0.26,0.59
283,DenseNet121,4,128,1,8102.3,0.22,0.72
287,BERT-Large,1,64,1,8192.0,0.08,0.42
290,BERT-Large,1,64,1,8204.1,0.08,0.42
293,BERT-Large,1,64,1,8256.9,0.08,0.42
250,ResNet50,1,128,1,8366.0,0.20,0.67
285,GPT-FineTune,4,32,1,8295.6,0.23,0.53
255,GPT-FineTune,4,32,1,8363.6,0.39,0.85
241,BERT-Large,1,64,1,8392.4,0.13,0.28
242,BERT-Large,1,64,1,8392.4,0.13,0.28
268,BERT-Large,1,64,1,8359.2,0.13,0.30
300,GPT-FineTune,4,32,1,8302.3,0.12,0.39
270,BERT-Large,1,64,1,8369.7,0.13,0.30
271,BERT-Large,1,64,1,8369.3,0.13,0.30
176,ResNet50,1,128,1,8647.9,0.26,0.56
181,ResNet50,1,128,1,8657.2,0.26,0.56
280,ResNet50,1,128,1,8482.2,0.17,0.83
264,GPT-FineTune,4,32,1,8528.2,0.39,0.85
274,BERT-Large,1,64,1,8588.6,0.13,0.30
267,ResNet50,1,128,1,8627.4,0.20,0.67
297,BERT-Large,1,64,1,8602.3,0.10,0.33
249,BERT-Large,1,64,1,8748.8,0.13,0.28
260,DenseNet121,4,128,1,8760.6,0.47,1.02
288,ResNet50,1,128,1,8698.5,0.17,0.83
289,ResNet50,1,128,1,8704.4,0.17,0.83
291,ResNet50,1,128,1,8702.6,0.17,0.83
292,ResNet50,1,128,1,8702.4,0.17,0.83
306,BERT-Large,1,64,1,8677.0,0.08,0.42
314,DenseNet121,4,128,1,8713.6,0.22,0.72
309,BERT-Large,1,64,1,8755.4,0.08,0.42
323,GPT-FineTune,4,32,1,8756.9,0.07,0.35
301,BERT-Large,1,64,1,8870.0,0.10,0.33
327,GPT-FineTune,4,32,1,8856.9,0.07,0.35
235,ResNet50,1,128,1,9038.0,0.26,0.59
236,ResNet50,1,128,1,9036.3,0.26,0.59
308,BERT-Large,1,64,1,9055.6,0.10,0.33
295,BERT-Large,1,64,1,9139.6,0.13,0.30
317,GPT-FineTune,4,32,1,9107.9,0.23,0.53
307,DenseNet121,4,128,1,9148.5,0.35,0.79
207,ResNet50,1,128,1,9335.6,0.26,0.56
305,ResNet50,1,128,1,9164.6,0.17,0.83
324,DenseNet121,4,128,1,9137.4,0.22,0.72
276,BERT-Large,1,64,1,9251.5,0.13,0.28
277,BERT-Large,1,64,1,9250.6,0.13,0.28
328,BERT-Large,1,64,1,9247.6,0.08,0.42
330,BERT-Large,1,64,1,9246.3,0.08,0.42
294,ResNet50,1,128,1,9379.5,0.20,0.67
296,ResNet50,1,128,1,9405.1,0.20,0.67
298,ResNet50,1,128,1,9401.3,0.20,0.67
299,ResNet50,1,128,1,9400.0,0.20,0.67
302,BERT-Large,1,64,1,9403.0,0.13,0.30
303,BERT-Large,1,64,1,9399.4,0.13,0.30
256,ResNet50,1,128,1,9498.2,0.26,0.59
263,ResNet50,1,128,1,9602.7,0.26,0.59
325,BERT-Large,1,64,1,9499.0,0.10,0.33
329,BERT-Large,1,64,1,9547.3,0.10,0.33
338,DenseNet121,4,128,1,9552.3,0.22,0.72
334,BERT-Large,1,64,1,9584.3,0.08,0.42
269,ResNet50,1,128,1,9703.0,0.26,0.59
331,BERT-Large,1,64,1,9626.2,0.10,0.33
339,BERT-Large,1,64,1,9616.1,0.08,0.42
333,GPT-FineTune,4,32,1,9682.0,0.23,0.53
326,ResNet50,1,128,1,9698.8,0.17,0.83
345,DenseNet121,4,128,1,9764.4,0.22,0.72
347,BERT-Large,1,64,1,9827.4,0.08,0.42
332,ResNet50,1,128,1,9847.7,0.17,0.83
337,BERT-Large,1,64,1,9907.5,0.10,0.33
316,GPT-FineTune,4,32,1,9956.4,0.39,0.85
349,BERT-Large,1,64,1,9958.2,0.08,0.42
350,DenseNet121,4,128,1,9973.1,0.22,0.72
336,DenseNet121,4,128,1,9999.5,0.35,0.79
279,ResNet50,1,128,1,10149.7,0.26,0.59
335,ResNet50,1,128,1,10084.1,0.17,0.83
341,ResNet50,1,128,1,10109.6,0.17,0.83
357,BERT-Large,1,64,1,10100.6,0.08,0.42
321,GPT-FineTune,4,32,1,10176.3,0.39,0.85
359,DenseNet121,4,128,1,10188.6,0.22,0.72
312,BERT-Large,1,64,1,10248.2,0.13,0.28
240,ResNet50,1,128,1,10404.0,0.26,0.56
360,BERT-Large,1,64,1,10254.0,0.08,0.42
286,ResNet50,1,128,1,10361.5,0.26,0.59
361,BERT-Large,1,64,1,10319.9,0.08,0.42
362,BERT-Large,1,64,1,10322.2,0.08,0.42
351,BERT-Large,1,64,1,10339.0,0.10,0.33
352,BERT-Large,1,64,1,10337.3,0.10,0.33
348,DenseNet121,4,128,1,10350.3,0.35,0.79
246,ResNet50,1,128,1,10566.6,0.26,0.56
365,DenseNet121,4,128,1,10398.7,0.22,0.72
344,BERT-Large,1,64,1,10442.0,0.13,0.30
319,BERT-Large,1,64,1,10509.2,0.13,0.28
320,BERT-Large,1,64,1,10506.7,0.13,0.28
366,BERT-Large,1,64,1,10464.1,0.08,0.42
358,DenseNet121,4,128,1,10552.0,0.35,0.79
354,ResNet50,1,128,1,10567.1,0.17,0.83
248,ResNet50,1,128,1,10749.3,0.26,0.56
373,DenseNet121,4,128,1,10604.7,0.22,0.72
378,GPT-FineTune,4,32,1,10607.9,0.12,0.39
370,BERT-Large,1,64,1,10625.3,0.08,0.42
304,ResNet50,1,128,1,10731.0,0.26,0.59
380,DenseNet121,4,128,1,10681.0,0.16,0.80
368,DenseNet121,4,128,1,10921.5,0.35,0.79
386,DenseNet121,4,128,1,11025.6,0.22,0.72
371,ResNet50,1,128,1,11122.5,0.17,0.83
372,ResNet50,1,128,1,11121.2,0.17,0.83
356,ResNet50,1,128,1,11199.7,0.20,0.67
396,BERT-Large,1,64,1,11161.6,0.08,0.42
397,BERT-Large,1,64,1,11161.6,0.08,0.42
374,DenseNet121,4,128,1,11215.1,0.35,0.79
385,BERT-Large,1,64,1,11320.4,0.10,0.33
393,BERT-Large,1,64,1,11392.5,0.10,0.33
382,DenseNet121,4,128,1,11416.0,0.35,0.79
282,ResNet50,1,128,1,11594.3,0.26,0.56
363,ResNet50,1,128,1,11486.1,0.20,0.67
400,DenseNet121,4,128,1,11443.7,0.22,0.72
353,BERT-Large,1,64,1,11537.2,0.13,0.28
401,BERT-Large,1,64,1,11509.1,0.08,0.42
284,ResNet50,1,128,1,11664.5,0.26,0.56
387,ResNet50,1,128,1,11590.6,0.17,0.83
394,ResNet50,1,128,1,11593.4,0.17,0.83
403,BERT-Large,1,64,1,11583.8,0.08,0.42
369,GPT-FineTune,4,32,1,11656.9,0.39,0.85
398,ResNet50,1,128,1,11660.1,0.17,0.83
364,DenseNet121,4,128,1,11748.9,0.47,1.02
342,ResNet50,1,128,1,11775.3,0.26,0.59
343,ResNet50,1,128,1,11775.1,0.26,0.59
399,DenseNet121,4,128,1,11773.0,0.35,0.79
404,GPT-FineTune,4,32,1,11779.8,0.23,0.53
408,DenseNet121,4,128,1,11806.6,0.16,0.80
407,DenseNet121,4,128,1,11872.7,0.22,0.72
376,ResNet50,1,128,1,11918.7,0.20,0.67
418,GPT-FineTune,4,32,1,11896.4,0.07,0.35
402,ResNet50,1,128,1,12084.8,0.17,0.83
421,GPT-FineTune,4,32,1,12083.4,0.12,0.39
410,BERT-Large,1,64,1,12102.3,0.08,0.42
310,ResNet50,1,128,1,12256.2,0.26,0.56
311,ResNet50,1,128,1,12250.8,0.26,0.56
313,ResNet50,1,128,1,12247.2,0.26,0.56
426,DenseNet121,4,128,1,12129.9,0.16,0.80
315,ResNet50,1,128,1,12279.3,0.26,0.56
355,ResNet50,1,128,1,12237.9,0.26,0.59
390,ResNet50,1,128,1,12198.8,0.20,0.67
391,ResNet50,1,128,1,12196.8,0.20,0.67
392,ResNet50,1,128,1,12195.0,0.20,0.67
429,GPT-FineTune,4,32,1,12230.6,0.07,0.35
405,DenseNet121,4,128,1,12283.4,0.35,0.79
416,GPT-FineTune,4,32,1,12362.3,0.23,0.53
318,ResNet50,1,128,1,12510.9,0.26,0.56
384,BERT-Large,1,64,1,12520.9,0.13,0.28
433,DenseNet121,4,128,1,12461.7,0.16,0.80
428,DenseNet121,4,128,1,12510.9,0.22,0.72
322,ResNet50,1,128,1,12645.0,0.26,0.56
388,BERT-Large,1,64,1,12589.8,0.13,0.28
389,BERT-Large,1,64,1,12589.3,0.13,0.28
367,ResNet50,1,128,1,12640.4,0.26,0.59
431,BERT-Large,1,64,1,12619.1,0.08,0.42
415,DenseNet121,4,128,1,12646.4,0.35,0.79
422,BERT-Large,1,64,1,12652.0,0.10,0.33
412,ResNet50,1,128,1,12687.5,0.17,0.83
440,DenseNet121,4,128,1,12695.4,0.16,0.80
420,ResNet50,1,128,1,12790.3,0.17,0.83
375,ResNet50,1,128,1,12986.5,0.26,0.59
443,DenseNet121,4,128,1,12926.3,0.22,0.72
448,DenseNet121,4,128,1,12923.6,0.16,0.80
406,ResNet50,1,128,1,12990.0,0.20,0.67
340,ResNet50,1,128,1,13113.0,0.26,0.56
381,ResNet50,1,128,1,13106.1,0.26,0.59
435,BERT-Large,1,64,1,13041.1,0.10,0.33
417,BERT-Large,1,64,1,13095.9,0.13,0.30
419,BERT-Large,1,64,1,13123.5,0.13,0.30
430,ResNet50,1,128,1,13120.4,0.17,0.83
434,DenseNet121,4,128,1,13134.0,0.35,0.79
449,GPT-FineTune,4,32,1,13149.1,0.12,0.39
451,DenseNet121,4,128,1,13157.8,0.16,0.80
411,GPT-FineTune,4,32,1,13218.0,0.39,0.85
346,ResNet50,1,128,1,13328.4,0.26,0.56
439,DenseNet121,4,128,1,13223.5,0.35,0.79
395,ResNet50,1,128,1,13283.5,0.26,0.59
413,ResNet50,1,128,1,13286.4,0.20,0.67
414,ResNet50,1,128,1,13286.3,0.20,0.67
460,GPT-FineTune,4,32,1,13253.0,0.07,0.35
459,GPT-FineTune,4,32,1,13366.6,0.12,0.39
409,DenseNet121,4,128,1,13446.8,0.47,1.02
453,BERT-Large,1,64,1,13412.9,0.08,0.42
427,ResNet50,1,128,1,13490.4,0.20,0.67
446,DenseNet121,4,128,1,13500.0,0.35,0.79
474,GPT-FineTune,4,32,1,13576.0,0.12,0.39
457,BERT-Large,1,64,1,13604.1,0.08,0.42
432,GPT-FineTune,4,32,1,13665.4,0.39,0.85
463,DenseNet121,4,128,1,13656.3,0.22,0.72
454,GPT-FineTune,4,32,1,13701.7,0.23,0.53
465,BERT-Large,1,64,1,13718.5,0.08,0.42
468,BERT-Large,1,64,1,13712.0,0.08,0.42
471,BERT-Large,1,64,1,13740.3,0.08,0.42
472,BERT-Large,1,64,1,13734.8,0.08,0.42
423,BERT-Large,1,64,1,13850.9,0.13,0.28
425,BERT-Large,1,64,1,13849.0,0.13,0.28
436,ResNet50,1,128,1,13840.8,0.20,0.67
438,ResNet50,1,128,1,13839.7,0.20,0.67
489,DenseNet121,4,128,1,13948.6,0.16,0.80
462,DenseNet121,4,128,1,14087.3,0.35,0.79
486,DenseNet121,4,128,1,14051.2,0.22,0.72
490,GPT-FineTune,4,32,1,14053.5,0.07,0.35
377,ResNet50,1,128,1,14318.7,0.26,0.56
470,ResNet50,1,128,1,14241.1,0.17,0.83
473,ResNet50,1,128,1,14233.7,0.17,0.83
379,ResNet50,1,128,1,14376.8,0.26,0.56
481,BERT-Large,1,64,1,14241.6,0.10,0.33
493,DenseNet121,4,128,1,14289.1,0.16,0.80
478,DenseNet121,4,128,1,14339.6,0.35,0.79
383,ResNet50,1,128,1,14522.5,0.26,0.56
456,BERT-Large,1,64,1,14437.1,0.13,0.30
498,GPT-FineTune,4,32,1,14389.2,0.07,0.35
444,BERT-Large,1,64,1,14498.6,0.13,0.28
479,ResNet50,1,128,1,14445.1,0.17,0.83
492,DenseNet121,4,128,1,14476.7,0.22,0.72
469,BERT-Large,1,64,1,14543.9,0.13,0.30
487,DenseNet121,4,128,1,14550.6,0.35,0.79
491,GPT-FineTune,4,32,1,14637.1,0.23,0.53
488,ResNet50,1,128,1,14655.3,0.17,0.83
458,ResNet50,1,128,1,14703.7,0.20,0.67
512,GPT-FineTune,4,32,1,14683.2,0.12,0.39
499,BERT-Large,1,64,1,14781.8,0.08,0.42
500,BERT-Large,1,64,1,14781.5,0.08,0.42
437,ResNet50,1,128,1,14905.8,0.26,0.59
461,DenseNet121,4,128,1,14995.5,0.47,1.02
501,BERT-Large,1,64,1,15081.5,0.10,0.33
485,GPT-FineTune,4,32,1,15119.9,0.39,0.85
515,GPT-FineTune,4,32,1,15110.6,0.23,0.53
482,ResNet50,1,128,1,15159.7,0.20,0.67
483,ResNet50,1,128,1,15159.4,0.20,0.67
484,ResNet50,1,128,1,15158.3,0.20,0.67
447,ResNet50,1,128,1,15273.0,0.26,0.59
505,DenseNet121,4,128,1,15200.6,0.35,0.79
516,GPT-FineTune,4,32,1,15202.2,0.23,0.53
524,BERT-Large,1,64,1,15250.6,0.08,0.42
475,BERT-Large,1,64,1,15353.0,0.13,0.28
508,ResNet50,1,128,1,15381.6,0.17,0.83
509,ResNet50,1,128,1,15373.2,0.17,0.83
510,ResNet50,1,128,1,15372.2,0.17,0.83
511,ResNet50,1,128,1,15371.3,0.17,0.83
519,BERT-Large,1,64,1,15418.4,0.10,0.33
514,ResNet50,1,128,1,15450.4,0.17,0.83
520,BERT-Large,1,64,1,15475.2,0.10,0.33
522,BERT-Large,1,64,1,15470.7,0.10,0.33
450,ResNet50,1,128,1,15579.0,0.26,0.59
494,ResNet50,1,128,1,15649.6,0.20,0.67
496,ResNet50,1,128,1,15644.8,0.20,0.67
497,ResNet50,1,128,1,15644.3,0.20,0.67
518,ResNet50,1,128,1,15618.8,0.17,0.83
531,BERT-Large,1,64,1,15665.5,0.08,0.42
424,ResNet50,1,128,1,15850.4,0.26,0.56
537,BERT-Large,1,64,1,15734.5,0.08,0.42
530,GPT-FineTune,4,32,1,15762.7,0.23,0.53
466,ResNet50,1,128,1,15883.9,0.26,0.59
467,ResNet50,1,128,1,15881.6,0.26,0.59
539,BERT-Large,1,64,1,15833.7,0.08,0.42
540,BERT-Large,1,64,1,15832.0,0.08,0.42
542,BERT-Large,1,64,1,15831.6,0.08,0.42
517,BERT-Large,1,64,1,15937.8,0.13,0.30
534,BERT-Large,1,64,1,15962.8,0.10,0.33
529,DenseNet121,4,128,1,15984.1,0.35,0.79
495,BERT-Large,1,64,1,16047.8,0.13,0.28
544,DenseNet121,4,128,1,16012.1,0.22,0.72
535,DenseNet121,4,128,1,16072.2,0.35,0.79
543,BERT-Large,1,64,1,16185.7,0.10,0.33
504,BERT-Large,1,64,1,16278.7,0.13,0.28
521,ResNet50,1,128,1,16273.3,0.20,0.67
523,ResNet50,1,128,1,16269.2,0.20,0.67
551,BERT-Large,1,64,1,16232.7,0.08,0.42
557,GPT-FineTune,4,32,1,16228.0,0.12,0.39
441,ResNet50,1,128,1,16456.2,0.26,0.56
442,ResNet50,1,128,1,16453.6,0.26,0.56
541,ResNet50,1,128,1,16331.9,0.17,0.83
549,GPT-FineTune,4,32,1,16332.9,0.23,0.53
445,ResNet50,1,128,1,16519.1,0.26,0.56
525,GPT-FineTune,4,32,1,16434.0,0.39,0.85
513,BERT-Large,1,64,1,16451.6,0.13,0.28
562,GPT-FineTune,4,32,1,16455.5,0.12,0.39
560,BERT-Large,1,64,1,16495.1,0.08,0.42
555,GPT-FineTune,4,32,1,16544.0,0.23,0.53
527,GPT-FineTune,4,32,1,16597.0,0.39,0.85
547,ResNet50,1,128,1,16575.9,0.17,0.83
548,ResNet50,1,128,1,16575.5,0.17,0.83
528,ResNet50,1,128,1,16666.4,0.20,0.67
561,GPT-FineTune,4,32,1,16632.9,0.23,0.53
552,ResNet50,1,128,1,16728.3,0.17,0.83
533,ResNet50,1,128,1,16764.2,0.20,0.67
556,BERT-Large,1,64,1,16746.1,0.10,0.33
536,ResNet50,1,128,1,16778.7,0.20,0.67
452,ResNet50,1,128,1,16915.7,0.26,0.56
573,DenseNet121,4,128,1,16874.6,0.22,0.72
574,BERT-Large,1,64,1,16938.4,0.08,0.42
455,ResNet50,1,128,1,17104.5,0.26,0.56
507,ResNet50,1,128,1,17037.1,0.26,0.59
558,ResNet50,1,128,1,16995.7,0.17,0.83
566,BERT-Large,1,64,1,17019.4,0.10,0.33
577,BERT-Large,1,64,1,17015.7,0.08,0.42
464,ResNet50,1,128,1,17219.6,0.26,0.56
553,BERT-Large,1,64,1,17088.0,0.13,0.30
585,GPT-FineTune,4,32,1,17089.0,0.12,0.39
589,GPT-FineTune,4,32,1,17107.3,0.07,0.35
546,ResNet50,1,128,1,17176.4,0.20,0.67
582,DenseNet121,4,128,1,17144.6,0.22,0.72
571,DenseNet121,4,128,1,17195.1,0.35,0.79
568,ResNet50,1,128,1,17215.9,0.17,0.83
569,ResNet50,1,128,1,17213.3,0.17,0.83
476,ResNet50,1,128,1,17350.7,0.26,0.56
477,ResNet50,1,128,1,17349.2,0.26,0.56
538,BERT-Large,1,64,1,17271.4,0.13,0.28
594,GPT-FineTune,4,32,1,17205.5,0.07,0.35
480,ResNet50,1,128,1,17444.2,0.26,0.56
603,GPT-FineTune,4,32,1,17297.2,0.07,0.35
575,DenseNet121,4,128,1,17409.4,0.35,0.79
605,GPT-FineTune,4,32,1,17401.3,0.07,0.35
526,ResNet50,1,128,1,17569.2,0.26,0.59
581,DenseNet121,4,128,1,17492.8,0.35,0.79
608,GPT-FineTune,4,32,1,17498.7,0.07,0.35
613,GPT-FineTune,4,32,1,17581.7,0.07,0.35
550,BERT-Large,1,64,1,17733.7,0.13,0.28
583,ResNet50,1,128,1,17709.0,0.17,0.83
532,ResNet50,1,128,1,17830.5,0.26,0.59
563,ResNet50,1,128,1,17822.4,0.20,0.67
564,ResNet50,1,128,1,17821.4,0.20,0.67
615,GPT-FineTune,4,32,1,17751.2,0.07,0.35
572,GPT-FineTune,4,32,1,17897.7,0.39,0.85
596,BERT-Large,1,64,1,17898.9,0.10,0.33
588,ResNet50,1,128,1,17922.8,0.17,0.83
598,BERT-Large,1,64,1,17907.4,0.10,0.33
599,BERT-Large,1,64,1,17923.8,0.10,0.33
600,BERT-Large,1,64,1,17923.7,0.10,0.33
601,BERT-Large,1,64,1,17923.5,0.10,0.33
606,GPT-FineTune,4,32,1,17966.1,0.23,0.53
618,DenseNet121,4,128,1,17986.1,0.16,0.80
602,DenseNet121,4,128,1,18047.3,0.35,0.79
611,GPT-FineTune,4,32,1,18036.6,0.23,0.53
614,BERT-Large,1,64,1,18078.5,0.08,0.42
502,ResNet50,1,128,1,18280.8,0.26,0.56
503,ResNet50,1,128,1,18279.4,0.26,0.56
545,ResNet50,1,128,1,18242.9,0.26,0.59
567,BERT-Large,1,64,1,18217.9,0.13,0.28
607,BERT-Large,1,64,1,18164.9,0.10,0.33
506,ResNet50,1,128,1,18360.1,0.26,0.56
570,BERT-Large,1,64,1,18272.8,0.13,0.28
587,BERT-Large,1,64,1,18256.2,0.13,0.30
554,ResNet50,1,128,1,18419.9,0.26,0.59
609,ResNet50,1,128,1,18384.9,0.17,0.83
610,ResNet50,1,128,1,18380.8,0.17,0.83
576,BERT-Large,1,64,1,18515.9,0.13,0.28
578,BERT-Large,1,64,1,18511.3,0.13,0.28
632,BERT-Large,1,64,1,18466.6,0.08,0.42
637,BERT-Large,1,64,1,18494.7,0.08,0.42
590,ResNet50,1,128,1,18601.7,0.20,0.67
559,ResNet50,1,128,1,18661.6,0.26,0.59
638,BERT-Large,1,64,1,18547.3,0.08,0.42
634,GPT-FineTune,4,32,1,18574.6,0.23,0.53
621,BERT-Large,1,64,1,18609.4,0.10,0.33
593,ResNet50,1,128,1,18680.1,0.20,0.67
584,BERT-Large,1,64,1,18708.7,0.13,0.28
595,ResNet50,1,128,1,18699.9,0.20,0.67
597,ResNet50,1,128,1,18694.9,0.20,0.67
625,BERT-Large,1,64,1,18667.2,0.10,0.33
627,BERT-Large,1,64,1,18664.6,0.10,0.33
586,DenseNet121,4,128,1,18766.5,0.47,1.02
642,DenseNet121,4,128,1,18730.5,0.16,0.80
604,GPT-FineTune,4,32,1,18806.9,0.39,0.85
623,ResNet50,1,128,1,18849.3,0.17,0.83
646,GPT-FineTune,4,32,1,18842.2,0.12,0.39
635,DenseNet121,4,128,1,18888.3,0.35,0.79
641,BERT-Large,1,64,1,18954.3,0.10,0.33
633,ResNet50,1,128,1,18964.5,0.17,0.83
653,DenseNet121,4,128,1,18948.1,0.16,0.80
636,ResNet50,1,128,1,18995.3,0.17,0.83
657,GPT-FineTune,4,32,1,19049.2,0.12,0.39
659,GPT-FineTune,4,32,1,19046.6,0.07,0.35
645,GPT-FineTune,4,32,1,19164.0,0.23,0.53
663,GPT-FineTune,4,32,1,19147.8,0.07,0.35
631,BERT-Large,1,64,1,19241.2,0.13,0.30
669,GPT-FineTune,4,32,1,19245.4,0.07,0.35
619,ResNet50,1,128,1,19343.7,0.20,0.67
622,ResNet50,1,128,1,19439.9,0.20,0.67
643,DenseNet121,4,128,1,19418.2,0.35,0.79
624,ResNet50,1,128,1,19449.3,0.20,0.67
626,ResNet50,1,128,1,19466.4,0.20,0.67
648,BERT-Large,1,64,1,19455.1,0.10,0.33
651,BERT-Large,1,64,1,19449.2,0.10,0.33
661,DenseNet121,4,128,1,19478.2,0.22,0.72
673,DenseNet121,4,128,1,19477.0,0.16,0.80
662,BERT-Large,1,64,1,19543.9,0.08,0.42
592,ResNet50,1,128,1,19704.6,0.26,0.59
620,DenseNet121,4,128,1,19652.6,0.47,1.02
650,ResNet50,1,128,1,19649.9,0.17,0.83
681,DenseNet121,4,128,1,19700.0,0.16,0.80
658,DenseNet121,4,128,1,19746.0,0.35,0.79
684,GPT-FineTune,4,32,1,19789.6,0.07,0.35
678,DenseNet121,4,128,1,19840.2,0.22,0.72
660,ResNet50,1,128,1,19940.3,0.17,0.83
640,DenseNet121,4,128,1,19998.2,0.47,1.02
675,GPT-FineTune,4,32,1,19958.4,0.23,0.53
612,ResNet50,1,128,1,20105.5,0.26,0.59
639,BERT-Large,1,64,1,20068.3,0.13,0.28
664,ResNet50,1,128,1,20040.8,0.17,0.83
565,ResNet50,1,128,1,20220.8,0.26,0.56
644,ResNet50,1,128,1,20126.1,0.20,0.67
693,GPT-FineTune,4,32,1,20035.6,0.12,0.39
676,BERT-Large,1,64,1,20161.0,0.10,0.33
689,BERT-Large,1,64,1,20180.8,0.08,0.42
680,BERT-Large,1,64,1,20245.2,0.10,0.33
617,ResNet50,1,128,1,20354.3,0.26,0.59
682,BERT-Large,1,64,1,20260.4,0.10,0.33
690,BERT-Large,1,64,1,20276.1,0.08,0.42
579,ResNet50,1,128,1,20510.7,0.26,0.56
580,ResNet50,1,128,1,20519.9,0.26,0.56
696,BERT-Large,1,64,1,20390.7,0.08,0.42
647,DenseNet121,4,128,1,20505.5,0.47,1.02
670,BERT-Large,1,64,1,20469.1,0.13,0.30
671,BERT-Large,1,64,1,20468.6,0.13,0.30
672,BERT-Large,1,64,1,20467.8,0.13,0.30
628,ResNet50,1,128,1,20577.9,0.26,0.59
629,ResNet50,1,128,1,20577.5,0.26,0.59
630,ResNet50,1,128,1,20575.4,0.26,0.59
685,BERT-Large,1,64,1,20483.2,0.10,0.33
699,DenseNet121,4,128,1,20460.7,0.22,0.72
697,GPT-FineTune,4,32,1,20507.7,0.23,0.53
687,DenseNet121,4,128,1,20579.9,0.35,0.79
665,ResNet50,1,128,1,20639.2,0.20,0.67
655,BERT-Large,1,64,1,20707.8,0.13,0.28
688,ResNet50,1,128,1,20686.8,0.17,0.83
710,GPT-FineTune,4,32,1,20679.7,0.12,0.39
691,ResNet50,1,128,1,20774.9,0.17,0.83
692,ResNet50,1,128,1,20774.4,0.17,0.83
694,ResNet50,1,128,1,20803.9,0.17,0.83
702,BERT-Large,1,64,1,20821.5,0.10,0.33
591,ResNet50,1,128,1,21040.3,0.26,0.56
705,BERT-Large,1,64,1,20893.5,0.08,0.42
707,BERT-Large,1,64,1,20892.3,0.08,0.42
677,ResNet50,1,128,1,20957.2,0.20,0.67
667,BERT-Large,1,64,1,21038.4,0.13,0.28
679,ResNet50,1,128,1,21045.5,0.20,0.67
715,DenseNet121,4,128,1,20979.9,0.22,0.72
701,ResNet50,1,128,1,21022.3,0.17,0.83
719,DenseNet121,4,128,1,21009.4,0.16,0.80
683,GPT-FineTune,4,32,1,21083.2,0.39,0.85
716,DenseNet121,4,128,1,21106.2,0.22,0.72
725,GPT-FineTune,4,32,1,21108.0,0.07,0.35
714,GPT-FineTune,4,32,1,21136.8,0.23,0.53
706,BERT-Large,1,64,1,21193.5,0.10,0.33
723,GPT-FineTune,4,32,1,21202.7,0.12,0.39
709,DenseNet121,4,128,1,21330.9,0.35,0.79
730,DenseNet121,4,128,1,21332.4,0.16,0.80
712,DenseNet121,4,128,1,21381.8,0.35,0.79
708,ResNet50,1,128,1,21392.3,0.17,0.83
747,GPT-FineTune,4,32,1,21416.9,0.07,0.35
616,ResNet50,1,128,1,21645.3,0.26,0.56
729,DenseNet121,4,128,1,21519.9,0.22,0.72
722,BERT-Large,1,64,1,21598.9,0.10,0.33
668,ResNet50,1,128,1,21790.2,0.26,0.59
695,DenseNet121,4,128,1,21736.3,0.47,1.02
756,GPT-FineTune,4,32,1,21717.0,0.12,0.39
674,ResNet50,1,128,1,21901.6,0.26,0.59
754,BERT-Large,1,64,1,21913.6,0.08,0.42
724,ResNet50,1,128,1,21971.1,0.17,0.83
739,BERT-Large,1,64,1,21941.7,0.10,0.33
700,BERT-Large,1,64,1,22026.6,0.13,0.28
758,GPT-FineTune,4,32,1,21948.0,0.12,0.39
743,BERT-Large,1,64,1,21969.1,0.10,0.33
727,ResNet50,1,128,1,22010.2,0.17,0.83
728,ResNet50,1,128,1,22009.6,0.17,0.83
703,DenseNet121,4,128,1,22238.6,0.47,1.02
759,BERT-Large,1,64,1,22215.7,0.08,0.42
763,BERT-Large,1,64,1,22209.2,0.08,0.42
686,ResNet50,1,128,1,22348.0,0.26,0.59
770,GPT-FineTune,4,32,1,22299.7,0.07,0.35
753,ResNet50,1,128,1,22330.2,0.17,0.83
764,DenseNet121,4,128,1,22374.7,0.22,0.72
755,ResNet50,1,128,1,22410.6,0.17,0.83
736,BERT-Large,1,64,1,22431.0,0.13,0.30
737,BERT-Large,1,64,1,22429.1,0.13,0.30
765,BERT-Large,1,64,1,22438.3,0.08,0.42
649,ResNet50,1,128,1,22651.5,0.26,0.56
652,ResNet50,1,128,1,22648.1,0.26,0.56
698,ResNet50,1,128,1,22617.4,0.26,0.59
654,ResNet50,1,128,1,22707.4,0.26,0.56
656,ResNet50,1,128,1,22707.3,0.26,0.56
771,DenseNet121,4,128,1,22536.3,0.16,0.80
717,BERT-Large,1,64,1,22672.2,0.13,0.28
749,BERT-Large,1,64,1,22659.5,0.13,0.30
750,BERT-Large,1,64,1,22659.4,0.13,0.30
752,BERT-Large,1,64,1,22657.8,0.13,0.30
732,ResNet50,1,128,1,22686.0,0.20,0.67
733,ResNet50,1,128,1,22686.0,0.20,0.67
740,ResNet50,1,128,1,22771.1,0.20,0.67
741,ResNet50,1,128,1,22770.9,0.20,0.67
742,ResNet50,1,128,1,22769.7,0.20,0.67
726,DenseNet121,4,128,1,22855.9,0.47,1.02
773,DenseNet121,4,128,1,22790.5,0.22,0.72
775,BERT-Large,1,64,1,22848.3,0.08,0.42
666,ResNet50,1,128,1,23038.9,0.26,0.56
704,ResNet50,1,128,1,23060.9,0.26,0.59
778,BERT-Large,1,64,1,23007.3,0.08,0.42
780,BERT-Large,1,64,1,23005.9,0.08,0.42
784,BERT-Large,1,64,1,23018.6,0.08,0.42
785,BERT-Large,1,64,1,23018.0,0.08,0.42
797,GPT-FineTune,4,32,1,23111.4,0.07,0.35
757,GPT-FineTune,4,32,1,23181.5,0.39,0.85
774,BERT-Large,1,64,1,23150.4,0.10,0.33
786,DenseNet121,4,128,1,23141.2,0.22,0.72
794,DenseNet121,4,128,1,23196.7,0.22,0.72
718,ResNet50,1,128,1,23337.3,0.26,0.59
792,BERT-Large,1,64,1,23255.2,0.08,0.42
760,ResNet50,1,128,1,23313.1,0.20,0.67
721,ResNet50,1,128,1,23433.1,0.26,0.59
806,GPT-FineTune,4,32,1,23418.9,0.12,0.39
769,BERT-Large,1,64,1,23478.9,0.13,0.30
782,ResNet50,1,128,1,23500.8,0.17,0.83
767,ResNet50,1,128,1,23535.0,0.20,0.67
783,ResNet50,1,128,1,23519.4,0.17,0.83
791,BERT-Large,1,64,1,23556.5,0.10,0.33
772,BERT-Large,1,64,1,23630.2,0.13,0.30
801,BERT-Large,1,64,1,23619.9,0.08,0.42
803,BERT-Large,1,64,1,23618.8,0.08,0.42
762,BERT-Large,1,64,1,23710.2,0.13,0.28
735,ResNet50,1,128,1,23764.1,0.26,0.59
738,ResNet50,1,128,1,23760.3,0.26,0.59
811,BERT-Large,1,64,1,23737.3,0.08,0.42
795,ResNet50,1,128,1,23828.4,0.17,0.83
744,ResNet50,1,128,1,23945.5,0.26,0.59
745,ResNet50,1,128,1,23944.7,0.26,0.59
746,ResNet50,1,128,1,23941.2,0.26,0.59
766,BERT-Large,1,64,1,23936.8,0.13,0.28
748,ResNet50,1,128,1,23977.4,0.26,0.59
815,DenseNet121,4,128,1,23903.8,0.22,0.72
751,ResNet50,1,128,1,23990.9,0.26,0.59
805,BERT-Large,1,64,1,23925.9,0.10,0.33
768,DenseNet121,4,128,1,23989.9,0.47,1.02
818,DenseNet121,4,128,1,23962.2,0.16,0.80
776,GPT-FineTune,4,32,1,24039.2,0.39,0.85
829,GPT-FineTune,4,32,1,24057.3,0.07,0.35
799,ResNet50,1,128,1,24109.7,0.17,0.83
802,ResNet50,1,128,1,24119.6,0.17,0.83
831,GPT-FineTune,4,32,1,24159.3,0.07,0.35
788,GPT-FineTune,4,32,1,24291.6,0.39,0.85
832,GPT-FineTune,4,32,1,24263.5,0.07,0.35
711,ResNet50,1,128,1,24447.6,0.26,0.56
761,ResNet50,1,128,1,24377.9,0.26,0.59
798,BERT-Large,1,64,1,24338.1,0.13,0.30
823,DenseNet121,4,128,1,24324.3,0.22,0.72
713,ResNet50,1,128,1,24488.6,0.26,0.56
836,GPT-FineTune,4,32,1,24364.7,0.07,0.35
827,BERT-Large,1,64,1,24414.4,0.08,0.42
822,GPT-FineTune,4,32,1,24436.0,0.23,0.53
817,ResNet50,1,128,1,24467.1,0.17,0.83
810,BERT-Large,1,64,1,24541.3,0.13,0.30
838,GPT-FineTune,4,32,1,24539.0,0.12,0.39
839,DenseNet121,4,128,1,24602.1,0.16,0.80
720,ResNet50,1,128,1,24770.3,0.26,0.56
787,BERT-Large,1,64,1,24706.9,0.13,0.28
804,ResNet50,1,128,1,24721.5,0.20,0.67
847,GPT-FineTune,4,32,1,24704.3,0.07,0.35
834,BERT-Large,1,64,1,24733.3,0.08,0.42
807,ResNet50,1,128,1,24787.0,0.20,0.67
808,ResNet50,1,128,1,24787.0,0.20,0.67
809,ResNet50,1,128,1,24782.0,0.20,0.67
812,ResNet50,1,128,1,24841.1,0.20,0.67
848,GPT-FineTune,4,32,1,24808.5,0.07,0.35
800,DenseNet121,4,128,1,24963.1,0.47,1.02
845,BERT-Large,1,64,1,24913.5,0.08,0.42
731,ResNet50,1,128,1,25090.7,0.26,0.56
734,ResNet50,1,128,1,25085.0,0.26,0.56
814,ResNet50,1,128,1,25005.9,0.20,0.67
846,DenseNet121,4,128,1,24968.3,0.22,0.72
850,GPT-FineTune,4,32,1,24964.7,0.12,0.39
854,DenseNet121,4,128,1,25040.0,0.16,0.80
777,ResNet50,1,128,1,25174.1,0.26,0.59
779,ResNet50,1,128,1,25171.9,0.26,0.59
781,ResNet50,1,128,1,25167.0,0.26,0.59
865,GPT-FineTune,4,32,1,25173.1,0.12,0.39
866,DenseNet121,4,128,1,25262.4,0.16,0.80
820,ResNet50,1,128,1,25320.2,0.20,0.67
843,DenseNet121,4,128,1,25306.3,0.35,0.79
789,ResNet50,1,128,1,25422.9,0.26,0.59
790,ResNet50,1,128,1,25422.5,0.26,0.59
793,ResNet50,1,128,1,25420.8,0.26,0.59
841,ResNet50,1,128,1,25362.0,0.17,0.83
867,GPT-FineTune,4,32,1,25404.2,0.12,0.39
830,GPT-FineTune,4,32,1,25501.5,0.39,0.85
872,DenseNet121,4,128,1,25495.9,0.16,0.80
835,BERT-Large,1,64,1,25564.8,0.13,0.30
876,GPT-FineTune,4,32,1,25618.1,0.12,0.39
840,BERT-Large,1,64,1,25695.4,0.13,0.30
842,BERT-Large,1,64,1,25694.6,0.13,0.30
849,ResNet50,1,128,1,25703.3,0.17,0.83
824,DenseNet121,4,128,1,25760.1,0.47,1.02
851,ResNet50,1,128,1,25730.2,0.17,0.83
862,BERT-Large,1,64,1,25745.5,0.10,0.33
863,BERT-Large,1,64,1,25744.0,0.10,0.33
837,ResNet50,1,128,1,25859.0,0.20,0.67
873,GPT-FineTune,4,32,1,25867.9,0.23,0.53
859,ResNet50,1,128,1,25894.4,0.17,0.83
813,ResNet50,1,128,1,25972.0,0.26,0.59
877,BERT-Large,1,64,1,25885.4,0.08,0.42
869,BERT-Large,1,64,1,25969.7,0.10,0.33
870,BERT-Large,1,64,1,25968.1,0.10,0.33
882,BERT-Large,1,64,1,25977.2,0.08,0.42
883,BERT-Large,1,64,1,25976.7,0.08,0.42
833,DenseNet121,4,128,1,26076.8,0.47,1.02
816,ResNet50,1,128,1,26133.2,0.26,0.59
885,DenseNet121,4,128,1,26043.6,0.22,0.72
875,BERT-Large,1,64,1,26063.0,0.10,0.33
895,GPT-FineTune,4,32,1,26166.7,0.12,0.39
896,DenseNet121,4,128,1,26204.6,0.16,0.80
821,ResNet50,1,128,1,26385.4,0.26,0.59
904,GPT-FineTune,4,32,1,26298.3,0.07,0.35
855,ResNet50,1,128,1,26399.3,0.20,0.67
844,BERT-Large,1,64,1,26413.6,0.13,0.28
857,GPT-FineTune,4,32,1,26423.6,0.39,0.85
902,GPT-FineTune,4,32,1,26394.0,0.12,0.39
884,ResNet50,1,128,1,26476.4,0.17,0.83
826,ResNet50,1,128,1,26582.2,0.26,0.59
828,ResNet50,1,128,1,26577.5,0.26,0.59
864,ResNet50,1,128,1,26542.3,0.20,0.67
905,DenseNet121,4,128,1,26537.7,0.16,0.80
887,ResNet50,1,128,1,26605.9,0.17,0.83
909,GPT-FineTune,4,32,1,26613.7,0.12,0.39
915,GPT-FineTune,4,32,1,26634.2,0.07,0.35
853,BERT-Large,1,64,1,26728.0,0.13,0.28
891,ResNet50,1,128,1,26673.6,0.17,0.83
892,ResNet50,1,128,1,26672.5,0.17,0.83
796,ResNet50,1,128,1,26830.9,0.26,0.56
893,DenseNet121,4,128,1,26730.2,0.35,0.79
881,BERT-Large,1,64,1,26768.3,0.13,0.30
918,GPT-FineTune,4,32,1,26835.1,0.12,0.39
919,DenseNet121,4,128,1,26868.9,0.16,0.80
886,BERT-Large,1,64,1,26940.9,0.13,0.30
913,BERT-Large,1,64,1,26944.0,0.08,0.42
889,BERT-Large,1,64,1,27010.4,0.13,0.30
906,BERT-Large,1,64,1,27098.3,0.10,0.33
928,DenseNet121,4,128,1,27094.1,0.16,0.80
920,BERT-Large,1,64,1,27128.9,0.08,0.42
923,BERT-Large,1,64,1,27137.9,0.08,0.42
910,BERT-Large,1,64,1,27179.9,0.10,0.33
878,DenseNet121,4,128,1,27282.2,0.47,1.02
924,GPT-FineTune,4,32,1,27292.8,0.23,0.53
898,BERT-Large,1,64,1,27333.4,0.13,0.30
852,ResNet50,1,128,1,27395.6,0.26,0.59
899,BERT-Large,1,64,1,27364.0,0.13,0.30
935,DenseNet121,4,128,1,27324.4,0.16,0.80
894,ResNet50,1,128,1,27437.7,0.20,0.67
888,DenseNet121,4,128,1,27521.8,0.47,1.02
941,DenseNet121,4,128,1,27554.4,0.16,0.80
819,ResNet50,1,128,1,27721.1,0.26,0.56
900,ResNet50,1,128,1,27630.0,0.20,0.67
901,ResNet50,1,128,1,27630.0,0.20,0.67
922,ResNet50,1,128,1,27638.6,0.17,0.83
938,BERT-Large,1,64,1,27706.2,0.08,0.42
903,ResNet50,1,128,1,27759.0,0.20,0.67
868,ResNet50,1,128,1,27838.0,0.26,0.59
871,ResNet50,1,128,1,27833.0,0.26,0.59
825,ResNet50,1,128,1,27916.7,0.26,0.56
914,BERT-Large,1,64,1,27805.6,0.13,0.30
897,DenseNet121,4,128,1,27844.4,0.47,1.02
943,DenseNet121,4,128,1,27792.7,0.16,0.80
908,GPT-FineTune,4,32,1,27885.8,0.39,0.85
874,ResNet50,1,128,1,27935.6,0.26,0.59
952,GPT-FineTune,4,32,1,27894.0,0.07,0.35
933,ResNet50,1,128,1,27916.2,0.17,0.83
912,ResNet50,1,128,1,27979.3,0.20,0.67
879,ResNet50,1,128,1,28104.7,0.26,0.59
880,ResNet50,1,128,1,28102.4,0.26,0.59
926,BERT-Large,1,64,1,28049.7,0.13,0.30
916,ResNet50,1,128,1,28128.8,0.20,0.67
945,DenseNet121,4,128,1,28138.1,0.22,0.72
957,DenseNet121,4,128,1,28124.8,0.16,0.80
940,DenseNet121,4,128,1,28158.4,0.35,0.79
932,BERT-Large,1,64,1,28215.7,0.13,0.30
937,ResNet50,1,128,1,28213.2,0.17,0.83
961,GPT-FineTune,4,32,1,28228.6,0.07,0.35
890,ResNet50,1,128,1,28341.4,0.26,0.59
949,BERT-Large,1,64,1,28279.3,0.08,0.42
946,GPT-FineTune,4,32,1,28333.9,0.23,0.53
963,GPT-FineTune,4,32,1,28332.3,0.07,0.35
944,BERT-Large,1,64,1,28353.2,0.10,0.33
959,GPT-FineTune,4,32,1,28355.1,0.12,0.39
927,ResNet50,1,128,1,28423.1,0.20,0.67
929,ResNet50,1,128,1,28455.0,0.20,0.67
930,ResNet50,1,128,1,28453.7,0.20,0.67
931,ResNet50,1,128,1,28452.7,0.20,0.67
972,GPT-FineTune,4,32,1,28411.2,0.07,0.35
975,GPT-FineTune,4,32,1,28556.5,0.12,0.39
856,ResNet50,1,128,1,28796.8,0.26,0.56
962,GPT-FineTune,4,32,1,28736.4,0.23,0.53
969,BERT-Large,1,64,1,28737.6,0.08,0.42
858,ResNet50,1,128,1,28891.6,0.26,0.56
948,ResNet50,1,128,1,28780.0,0.17,0.83
939,ResNet50,1,128,1,28805.3,0.20,0.67
860,ResNet50,1,128,1,28924.3,0.26,0.56
861,ResNet50,1,128,1,28924.1,0.26,0.56
978,GPT-FineTune,4,32,1,28781.6,0.12,0.39
973,BERT-Large,1,64,1,28805.8,0.08,0.42
976,DenseNet121,4,128,1,28819.8,0.22,0.72
965,GPT-FineTune,4,32,1,28842.3,0.23,0.53
980,GPT-FineTune,4,32,1,28826.8,0.07,0.35
907,ResNet50,1,128,1,28963.2,0.26,0.59
991,GPT-FineTune,4,32,1,28903.0,0.07,0.35
936,DenseNet121,4,128,1,29057.3,0.47,1.02
982,GPT-FineTune,4,32,1,29007.6,0.12,0.39
993,GPT-FineTune,4,32,1,29006.9,0.07,0.35
917,ResNet50,1,128,1,29191.7,0.26,0.59
970,DenseNet121,4,128,1,29189.3,0.35,0.79
968,ResNet50,1,128,1,29237.6,0.17,0.83
942,DenseNet121,4,128,1,29296.1,0.47,1.02
998,GPT-FineTune,4,32,1,29206.0,0.12,0.39
987,DenseNet121,4,128,1,29232.2,0.22,0.72
947,GPT-FineTune,4,32,1,29310.3,0.39,0.85
979,GPT-FineTune,4,32,1,29298.9,0.23,0.53
977,ResNet50,1,128,1,29407.4,0.17,0.83
990,GPT-FineTune,4,32,1,29388.1,0.23,0.53
999,BERT-Large,1,64,1,29500.0,0.08,0.42
934,ResNet50,1,128,1,29619.5,0.26,0.59
983,BERT-Large,1,64,1,29571.4,0.10,0.33
954,BERT-Large,1,64,1,29787.7,0.13,0.28
956,BERT-Large,1,64,1,29828.1,0.13,0.28
988,ResNet50,1,128,1,29793.1,0.17,0.83
989,ResNet50,1,128,1,29789.3,0.17,0.83
966,ResNet50,1,128,1,29842.9,0.20,0.67
967,ResNet50,1,128,1,29840.1,0.20,0.67
974,ResNet50,1,128,1,29908.8,0.20,0.67
964,BERT-Large,1,64,1,30224.7,0.13,0.28
911,ResNet50,1,128,1,30379.9,0.26,0.56
971,BERT-Large,1,64,1,30290.7,0.13,0.28
950,ResNet50,1,128,1,30445.0,0.26,0.59
951,ResNet50,1,128,1,30444.5,0.26,0.59
958,ResNet50,1,128,1,30550.8,0.26,0.59
921,ResNet50,1,128,1,30641.0,0.26,0.56
925,ResNet50,1,128,1,30695.7,0.26,0.56
960,ResNet50,1,128,1,30789.7,0.26,0.59
984,BERT-Large,1,64,1,30769.1,0.13,0.28
994,BERT-Large,1,64,1,30960.0,0.13,0.28
992,ResNet50,1,128,1,31496.8,0.26,0.59
953,ResNet50,1,128,1,31788.2,0.26,0.56
955,ResNet50,1,128,1,31830.5,0.26,0.56
981,ResNet50,1,128,1,32721.5,0.26,0.56
985,ResNet50,1,128,1,32768.8,0.26,0.56
986,ResNet50,1,128,1,32768.6,0.26,0.56
995,ResNet50,1,128,1,32959.9,0.26,0.56
996,ResNet50,1,128,1,32959.9,0.26,0.56
997,ResNet50,1,128,1,32954.7,0.26,0.56
