ts,event,job_id,queue_len,note
2025-12-22 21:22:10,enqueue_mobile,job-ca190ad02108,1,mobile g=4
2025-12-22 21:43:29,enqueue_mobile,job-55da5996d417,2,mobile g=1
2025-12-22 21:58:12,enqueue_mobile,job-1e9cde8f9ee6,3,mobile g=4
2025-12-22 22:47:51,enqueue_mobile,job-67a910616338,4,mobile g=1
2025-12-22 22:49:06,enqueue_mobile,job-11d1d976771b,5,mobile g=1
2025-12-22 22:52:00,enqueue_mobile,job-5f554e016cf5,6,mobile g=4
2025-12-22 22:56:55,enqueue_mobile,job-9053d08491c4,7,mobile g=4
2025-12-22 22:58:29,enqueue_mobile,job-32a38010ee0b,8,mobile g=1
2025-12-22 23:09:32,enqueue_mobile,job-e6e3427b8758,9,mobile g=1
2025-12-23 00:03:43,enqueue_mobile,job-bb67e04921d6,10,mobile g=1
2025-12-23 00:24:46,enqueue_mobile,job-f974047838b1,11,mobile g=4
2025-12-23 00:26:28,enqueue_mobile,job-22f1ce8072ec,12,mobile g=1
2025-12-23 00:27:03,enqueue_mobile,job-044fdf6f6d68,13,mobile g=1
2025-12-23 00:35:15,enqueue_mobile,job-22dd1f6fb5d2,14,mobile g=1
2025-12-23 00:35:26,enqueue_mobile,job-baba7f9e2015,15,mobile g=1
2025-12-23 00:40:04,enqueue_mobile,job-0d5c0181c34c,16,mobile g=4
2025-12-23 00:40:11,enqueue_mobile,job-f228d1dd0c81,17,mobile g=1
2025-12-23 00:40:20,enqueue_mobile,job-85aad537f963,18,mobile g=1
2025-12-23 00:47:46,enqueue_mobile,job-cf05d820c4a6,19,mobile g=1
2025-12-23 01:03:48,enqueue_mobile,job-94cdefc3f584,20,mobile g=4
2025-12-23 01:05:41,enqueue_mobile,job-5a17e1c5df31,21,mobile g=1
2025-12-23 01:12:15,enqueue_mobile,job-65a4c2b9680f,22,mobile g=4
2025-12-23 01:19:56,enqueue_mobile,job-96adbee96456,23,mobile g=1
2025-12-23 01:23:01,enqueue_mobile,job-47e7374c3afb,24,mobile g=1
