job_id,cluster,model,dataset,world_size,submitted_ts,started_ts,end_ts,queued_ms,jct_ms,status
job-50f9e9e35a7b,clusterA,DenseNet-121,TinyImageNet,2,1763021300.4197953,1763021300.9298756,,510,,running
job-fcfd6dcd4015,clusterB,ResNet-50,CIFAR-10,2,1763021562.9032419,1763021563.2559912,,352,,running
job-fcfd6dcd4015,clusterB,ResNet-50,CIFAR-10,2,1763021562.9032419,1763021563.2559912,1763021567.9246082,352,4668,completed
job-8c3437aa4f56,clusterB,DistilBERT,SST-2,2,1763021964.7518418,1763021965.7571788,,1005,,running
job-d848a01794f9,clusterA,ResNet-18,CIFAR-100,1,1763022269.6549916,1763022270.1051145,,450,,running
job-f708f126c3ef,clusterB,DenseNet-121,TinyImageNet,2,1763022270.3330102,1763022271.1550655,,822,,running
job-d848a01794f9,clusterA,ResNet-18,CIFAR-100,1,1763022269.6549916,1763022270.1051145,1763023811.3185527,450,1541213,completed
job-50f9e9e35a7b,clusterA,DenseNet-121,TinyImageNet,2,1763021300.4197953,1763021300.9298756,1763024760.2089467,510,3459279,completed
job-5335a771edfa,clusterA,ResNet-50,CIFAR-10,4,1763022727.850651,1763024765.3719122,,2037521,,running
job-5335a771edfa,clusterA,ResNet-50,CIFAR-10,4,1763022727.850651,1763024765.3719122,1763024848.300155,2037521,82928,completed
job-439d5bc05fb2,clusterA,EfficientNetV2-S,MNIST,2,1763023017.0064096,1763024853.384166,,1836377,,running
job-62a0961db041,clusterA,EfficientNetV2-S,MNIST,1,1763023131.4808054,1763024853.4049442,,1721924,,running
job-000526b78c79,clusterA,ResNet-18,CIFAR-100,1,1763023255.2388358,1763024853.4246237,,1598185,,running
job-8c3437aa4f56,clusterB,DistilBERT,SST-2,2,1763021964.7518418,1763021965.7571788,1763025142.023158,1005,3176265,completed
job-297a6b7f9031,clusterB,DistilBERT,SST-2,2,1763024014.8019702,1763025147.1331785,,1132331,,running
job-f708f126c3ef,clusterB,DenseNet-121,TinyImageNet,2,1763022270.3330102,1763022271.1550655,1763025634.533306,822,3363378,completed
job-fefc856a4fca,clusterB,DistilBERT,SST-2,1,1763024138.6184516,1763025639.5883424,,1500969,,running
job-d5430502e292,clusterB,DistilBERT,SST-2,1,1763024211.550491,1763025639.611325,,1428060,,running
job-fefc856a4fca,clusterB,DistilBERT,SST-2,1,1763024138.6184516,1763025639.5883424,1763025642.5451548,1500969,2956,completed
job-d5430502e292,clusterB,DistilBERT,SST-2,1,1763024211.550491,1763025639.611325,1763025644.4422767,1428060,4830,completed
job-d5843aaa7954,clusterB,EfficientNetV2-S,MNIST,2,1763025071.7015963,1763025649.5415702,,577839,,running
job-d5843aaa7954,clusterB,EfficientNetV2-S,MNIST,2,1763025071.7015963,1763025649.5415702,1763025652.5699034,577839,3028,completed
job-000526b78c79,clusterA,ResNet-18,CIFAR-100,1,1763023255.2388358,1763024853.4246237,1763025740.382178,1598185,886957,completed
job-439d5bc05fb2,clusterA,EfficientNetV2-S,MNIST,2,1763023017.0064096,1763024853.384166,1763027350.254135,1836377,2496869,completed
job-62a0961db041,clusterA,EfficientNetV2-S,MNIST,1,1763023131.4808054,1763024853.4049442,1763028894.7167122,1721924,4041311,completed
job-3c0418cd690b,clusterA,ResNet-18,CIFAR-100,4,1763025597.1904485,1763028899.869411,,3302678,,running
job-df8b6fb11616,clusterB,DenseNet-121,TinyImageNet,2,1763025833.2433789,1763028899.918478,,3066675,,running
job-3c0418cd690b,clusterA,ResNet-18,CIFAR-100,4,1763025597.1904485,1763028899.869411,1763029871.2868752,3302678,971417,completed
job-f2ee5c68462c,clusterA,EfficientNetV2-S,MNIST,1,1763025890.076393,1763029876.3420794,,3986265,,running
job-f2ee5c68462c,clusterA,EfficientNetV2-S,MNIST,1,1763025890.076393,1763029876.3420794,1763029884.2995431,3986265,7957,completed
job-c662b34eec4a,clusterA,DeepSpeech2,ARCTIC,4,1763026872.6776268,1763029889.4395008,,3016761,,running
job-c662b34eec4a,clusterA,DeepSpeech2,ARCTIC,4,1763026872.6776268,1763029889.4395008,1763029892.3129065,3016761,2873,completed
job-a9315d01ffab,clusterA,DenseNet-121,TinyImageNet,1,1763027003.790243,1763029897.3643303,,2893574,,running
job-a475ef661780,clusterA,EfficientNetV2-S,MNIST,1,1763027660.315646,1763029897.3847861,,2237069,,running
job-641a2f0c41ed,clusterA,ResNet-18,CIFAR-100,1,1763028157.711578,1763029897.405827,,1739694,,running
job-1c1aba733e39,clusterA,ResNet-50,CIFAR-10,1,1763029889.4407582,1763029897.4280307,,7987,,running
job-641a2f0c41ed,clusterA,ResNet-18,CIFAR-100,1,1763028157.711578,1763029897.405827,1763030968.40647,1739694,1071000,completed
job-937b8fe8353e,clusterA,DeepSpeech2,ARCTIC,1,1763029954.7154124,1763030973.460481,,1018745,,running
job-937b8fe8353e,clusterA,DeepSpeech2,ARCTIC,1,1763029954.7154124,1763030973.460481,1763030976.4196887,1018745,2959,completed
job-a25ea66d4552,clusterA,DistilBERT,SST-2,1,1763030963.8571057,1763030981.4728181,,17615,,running
job-1c1aba733e39,clusterA,ResNet-50,CIFAR-10,1,1763029889.4407582,1763029897.4280307,1763032191.7365847,7987,2294308,completed
job-df8b6fb11616,clusterB,DenseNet-121,TinyImageNet,2,1763025833.2433789,1763028899.918478,1763033124.6001513,3066675,4224681,completed
job-a62451b8dca6,clusterB,DeepSpeech2,ARCTIC,2,1763031060.4820867,1763033129.686612,,2069204,,running
job-a62451b8dca6,clusterB,DeepSpeech2,ARCTIC,2,1763031060.4820867,1763033129.686612,1763033410.0338304,2069204,280347,completed
job-dfc71492fdfd,clusterB,DistilBERT,SST-2,2,1763031291.7335885,1763033415.1378906,,2123404,,running
job-dfc71492fdfd,clusterB,DistilBERT,SST-2,2,1763031291.7335885,1763033415.1378906,1763033417.8714972,2123404,2733,completed
job-9e8e22214dd2,clusterB,DistilBERT,SST-2,2,1763031681.3393674,1763033422.9504402,,1741611,,running
job-9e8e22214dd2,clusterB,DistilBERT,SST-2,2,1763031681.3393674,1763033422.9504402,1763033425.8960116,1741611,2945,completed
job-5f7198e2604a,clusterB,DeepSpeech2,ARCTIC,2,1763031803.9858966,1763033430.9766695,,1626990,,running
job-a475ef661780,clusterA,EfficientNetV2-S,MNIST,1,1763027660.315646,1763029897.3847861,1763033549.3888485,2237069,3652004,completed
job-b567586398ab,clusterA,DeepSpeech2,ARCTIC,2,1763032600.1830192,1763033554.469828,,954286,,running
job-b567586398ab,clusterA,DeepSpeech2,ARCTIC,2,1763032600.1830192,1763033554.469828,1763033558.7793665,954286,4309,completed
job-c2a3bcb8bae1,clusterA,DistilBERT,SST-2,1,1763032682.9321396,1763033563.8301666,,880898,,running
job-5f7198e2604a,clusterB,DeepSpeech2,ARCTIC,2,1763031803.9858966,1763033430.9766695,1763033603.652231,1626990,172675,completed
job-65dbbc73ed07,clusterB,DistilBERT,SST-2,2,1763033079.799084,1763033608.7499118,,528950,,running
job-65dbbc73ed07,clusterB,DistilBERT,SST-2,2,1763033079.799084,1763033608.7499118,1763033609.0709336,528950,321,completed
job-a25ea66d4552,clusterA,DistilBERT,SST-2,1,1763030963.8571057,1763030981.4728181,1763034868.2894595,17615,3886816,completed
job-b693da006c27,clusterA,DeepSpeech2,ARCTIC,1,1763034932.6701753,1763034933.1851695,,514,,running
job-b693da006c27,clusterA,DeepSpeech2,ARCTIC,1,1763034932.6701753,1763034933.1851695,1763034938.3274279,514,5142,completed
job-8dd037df5fd6,clusterA,DenseNet-121,TinyImageNet,2,1763034943.7923899,1763034944.2283869,,435,,running
job-c2a3bcb8bae1,clusterA,DistilBERT,SST-2,1,1763032682.9321396,1763033563.8301666,1763035215.557933,880898,1651727,completed
job-297a6b7f9031,clusterB,DistilBERT,SST-2,2,1763024014.8019702,1763025147.1331785,1763035349.0105355,1132331,10201877,completed
job-30df1cb66639,clusterB,DeepSpeech2,ARCTIC,4,1763035596.555215,1763035596.9834485,,428,,running
job-30df1cb66639,clusterB,DeepSpeech2,ARCTIC,4,1763035596.555215,1763035596.9834485,1763035796.0536284,428,199070,completed
job-ba4361eb580c,clusterB,DistilBERT,SST-2,2,1763037008.013543,1763037008.5123637,,498,,running
job-797579d38df2,clusterB,DenseNet-121,TinyImageNet,1,1763037733.332772,1763037734.3003209,,967,,running
job-a9315d01ffab,clusterA,DenseNet-121,TinyImageNet,1,1763027003.790243,1763029897.3643303,1763037958.228744,2893574,8060864,completed
job-5753c60f1895,clusterA,DistilBERT,SST-2,1,1763038281.3277173,1763038281.8986256,,570,,running
job-061af06fd3c4,clusterA,DeepSpeech2,ARCTIC,1,1763038684.6401293,1763038685.3464687,,706,,running
job-061af06fd3c4,clusterA,DeepSpeech2,ARCTIC,1,1763038684.6401293,1763038685.3464687,1763038691.8732,706,6526,completed
job-8dd037df5fd6,clusterA,DenseNet-121,TinyImageNet,2,1763034943.7923899,1763034944.2283869,1763040964.3044763,435,6020076,completed
job-535d0566717b,clusterA,ResNet-18,CIFAR-100,2,1763038744.2681854,1763040969.3801713,,2225111,,running
job-84fcc25d204a,clusterA,DenseNet-121,TinyImageNet,1,1763038815.9755728,1763040969.4003427,,2153424,,running
job-5753c60f1895,clusterA,DistilBERT,SST-2,1,1763038281.3277173,1763038281.8986256,1763041409.6011515,570,3127702,completed
job-535d0566717b,clusterA,ResNet-18,CIFAR-100,2,1763038744.2681854,1763040969.3801713,1763042330.4679286,2225111,1361087,completed
job-2c9d6ed86930,clusterA,ResNet-50,CIFAR-10,2,1763038859.089527,1763042335.5431404,,3476453,,running
job-2c9d6ed86930,clusterA,ResNet-50,CIFAR-10,2,1763038859.089527,1763042335.5431404,1763043844.1420305,3476453,1508598,completed
job-dd7cfd5c2ba0,clusterA,ResNet-18,CIFAR-100,2,1763039515.0624132,1763043849.2219694,,4334159,,running
job-17af7469662b,clusterA,EfficientNetV2-S,MNIST,1,1763039527.3414545,1763043849.2410123,,4321899,,running
job-dd7cfd5c2ba0,clusterA,ResNet-18,CIFAR-100,2,1763039515.0624132,1763043849.2219694,1763043859.0366113,4334159,9814,completed
job-17af7469662b,clusterA,EfficientNetV2-S,MNIST,1,1763039527.3414545,1763043849.2410123,1763043860.166492,4321899,10925,completed
job-ba4361eb580c,clusterB,DistilBERT,SST-2,2,1763037008.013543,1763037008.5123637,1763047027.229405,498,10018717,completed
job-797579d38df2,clusterB,DenseNet-121,TinyImageNet,1,1763037733.332772,1763037734.3003209,1763049444.0412443,967,11709740,completed
job-f583e9514998,clusterB,DeepSpeech2,ARCTIC,4,1763039895.9638646,1763049449.252935,,9553289,,running
job-f8016e80ca5a,clusterA,DistilBERT,SST-2,2,1763039902.5650613,1763049449.2848191,,9546719,,running
job-53b2da951429,clusterA,DeepSpeech2,ARCTIC,1,1763039911.7837553,1763049449.3049607,,9537521,,running
job-53b2da951429,clusterA,DeepSpeech2,ARCTIC,1,1763039911.7837553,1763049449.3049607,1763049455.7773757,9537521,6472,completed
job-f583e9514998,clusterB,DeepSpeech2,ARCTIC,4,1763039895.9638646,1763049449.252935,1763049762.4601958,9553289,313207,completed
job-2b524dbd492a,clusterB,DistilBERT,SST-2,2,1763040504.5506017,1763049767.567493,,9263016,,running
job-df9d4aebcec1,clusterB,ResNet-50,CIFAR-10,2,1763041786.093049,1763049767.624015,,7981530,,running
job-ea2ae14a6420,clusterA,DistilBERT,SST-2,1,1763041934.2197187,1763049767.645553,,7833425,,running
job-df9d4aebcec1,clusterB,ResNet-50,CIFAR-10,2,1763041786.093049,1763049767.624015,1763049772.3652766,7981530,4741,completed
job-52f79935f920,clusterB,ResNet-18,CIFAR-100,1,1763042455.7770464,1763049783.4106915,,7327633,,running
job-058f30b3afda,clusterB,DistilBERT,SST-2,1,1763042517.0195541,1763049783.4316633,,7266412,,running
job-058f30b3afda,clusterB,DistilBERT,SST-2,1,1763042517.0195541,1763049783.4316633,1763049786.0631335,7266412,2631,completed
job-52f79935f920,clusterB,ResNet-18,CIFAR-100,1,1763042455.7770464,1763049783.4106915,1763050826.3091836,7327633,1042898,completed
job-ea2ae14a6420,clusterA,DistilBERT,SST-2,1,1763041934.2197187,1763049767.645553,1763051805.03705,7833425,2037391,completed
job-f8016e80ca5a,clusterA,DistilBERT,SST-2,2,1763039902.5650613,1763049449.2848191,1763052996.4576957,9546719,3547172,completed
job-84fcc25d204a,clusterA,DenseNet-121,TinyImageNet,1,1763038815.9755728,1763040969.4003427,1763054393.75942,2153424,13424359,completed
job-2b524dbd492a,clusterB,DistilBERT,SST-2,2,1763040504.5506017,1763049767.567493,1763055176.8419433,9263016,5409274,completed
