epoch,rank,train_time,eval_time,total_time,cpu_usage,gpu_usage,memory_usage,cpu_temp,gpu_temp,gpu_mem_percent,accuracy,top5_accuracy,f1_score,ckf_dim,shard_pct,batch_size,num_workers,lr,all_allocs,global_train_loss,global_eval_loss,local_train_loss,local_eval_loss
1,0,129.9903967,9.641851425,139.89466,0,188.73344,1381.179392,0,63,1.135562686,36.97,88.04,0.335333616,[-0.02791953],1,42,4,0.00105303,"[{""shard_pct"": 1.0, ""batch_size"": 42, ""lr"": 0.00105303, ""num_workers"": 4}]",1.93122875,1.670007617,1.93122875,1.670007617
2,0,119.3961945,9.390013456,128.9524057,12,3955.360768,2474.549248,0,33,23.79843285,51.05,92.18,0.481807441,[-0.02244562],1,128,4,0.00103895,"[{""shard_pct"": 1.0, ""batch_size"": 128, ""lr"": 0.00103895, ""num_workers"": 4}]",1.646964219,1.363778516,1.646964219,1.363778516
3,0,99.09118485,9.346896887,108.5943255,14.5,10511.79418,3419.193344,0,31,63.24687999,63.36,96.86,0.622736216,[-0.02785456],1,128,4,0.00102664,"[{""shard_pct"": 1.0, ""batch_size"": 128, ""lr"": 0.00102664, ""num_workers"": 4}]",1.344597031,1.037705469,1.344597031,1.037705469
4,0,98.82677126,9.35391593,108.3113647,15.1,665.938432,3488.223232,0,30,4.006787746,64.63,97.3,0.638560474,[-0.02847069],1,128,4,0.00102537,"[{""shard_pct"": 1.0, ""batch_size"": 128, ""lr"": 0.00102537, ""num_workers"": 4}]",1.244291016,0.988083594,1.244291016,0.988083594
5,0,98.65749931,9.369162083,108.2171314,14.8,8284.16,3489.021952,0,30,49.84375308,69.86,97.68,0.695044696,[-0.01031793],1,128,4,0.00102014,"[{""shard_pct"": 1.0, ""batch_size"": 128, ""lr"": 0.0010201400000000001, ""num_workers"": 4}]",1.173857031,0.862389941,1.173857031,0.862389941
6,0,99.05226827,9.330724001,108.5541339,14.9,665.938432,3490.291712,0,29,4.006787746,71.89,98.01,0.711440206,[0.01373628],1,128,4,0.00101811,"[{""shard_pct"": 1.0, ""batch_size"": 128, ""lr"": 0.00101811, ""num_workers"": 4}]",1.094991172,0.81406665,1.094991172,0.81406665
7,0,98.13094831,9.303742647,107.6146195,14.7,665.938432,3489.665024,0,29,4.006787746,75.09,98.5,0.748587072,[-0.01214754],1,128,4,0.00101491,"[{""shard_pct"": 1.0, ""batch_size"": 128, ""lr"": 0.00101491, ""num_workers"": 4}]",1.031883594,0.719036572,1.031883594,0.719036572
8,0,98.60154581,9.214939356,107.9744287,14.6,665.938432,3490.6112,0,29,4.006787746,74.29,98.38,0.746262908,[0.00158337],1,128,4,0.00101571,"[{""shard_pct"": 1.0, ""batch_size"": 128, ""lr"": 0.00101571, ""num_workers"": 4}]",0.969011953,0.740422803,0.969011953,0.740422803
9,0,98.42619181,9.399503946,108.006089,14.7,665.938432,3490.066432,0,29,4.006787746,78.44,98.82,0.781828582,[-0.00733633],1,128,4,0.00101156,"[{""shard_pct"": 1.0, ""batch_size"": 128, ""lr"": 0.00101156, ""num_workers"": 4}]",0.927234453,0.627089453,0.927234453,0.627089453
10,0,98.6075747,9.238976002,108.0224793,14,11411.87994,3490.410496,0,29,68.66247462,73.93,97.7,0.728913069,[-0.02605158],1,128,4,0.00101607,"[{""shard_pct"": 1.0, ""batch_size"": 128, ""lr"": 0.00101607, ""num_workers"": 4}]",0.883050781,0.797901953,0.883050781,0.797901953
11,0,99.05269027,9.574760675,108.7870018,14.3,665.938432,3535.568896,0,29,4.006787746,81.54,99.04,0.812460423,[-0.00989519],1,128,4,0.00100846,"[{""shard_pct"": 1.0, ""batch_size"": 128, ""lr"": 0.0010084599999999999, ""num_workers"": 4}]",0.857470313,0.537512061,0.857470313,0.537512061
12,0,98.94015312,9.593666077,108.6979833,14,11238.65907,3489.439744,0,29,67.62024728,79.4,98.84,0.786595523,[0.00682816],1,128,4,0.0010106,"[{""shard_pct"": 1.0, ""batch_size"": 128, ""lr"": 0.0010106, ""num_workers"": 4}]",0.821192734,0.618210303,0.821192734,0.618210303
13,0,97.88043189,9.442846537,107.4564779,15.1,665.938432,3490.484224,0,29,4.006787746,82.26,98.99,0.820113778,[-0.01453969],1,128,4,0.00100774,"[{""shard_pct"": 1.0, ""batch_size"": 128, ""lr"": 0.00100774, ""num_workers"": 4}]",0.806622109,0.517560742,0.806622109,0.517560742
14,0,98.77351427,9.601452827,108.5476558,14.5,665.938432,3490.656256,0,29,4.006787746,82.46,99.15,0.821443975,[-0.03806628],1,128,4,0.00100754,"[{""shard_pct"": 1.0, ""batch_size"": 128, ""lr"": 0.0010075400000000001, ""num_workers"": 4}]",0.766543047,0.520911084,0.766543047,0.520911084
15,0,98.3359046,9.648036957,108.1584513,14.6,665.938432,3511.250944,0,29,4.006787746,82.4,98.93,0.823416889,[-0.01911578],1,128,4,0.0010076,"[{""shard_pct"": 1.0, ""batch_size"": 128, ""lr"": 0.0010076, ""num_workers"": 4}]",0.777029844,0.554206445,0.777029844,0.554206445
16,0,99.1370163,9.395232439,108.7159736,13.8,535.881728,3489.796096,0,29,3.224268548,83.23,99.32,0.830322623,[0.01731077],1,128,4,0.00100677,"[{""shard_pct"": 1.0, ""batch_size"": 128, ""lr"": 0.00100677, ""num_workers"": 4}]",0.735667109,0.501060107,0.735667109,0.501060107
17,0,97.5737257,9.366358757,107.129962,14.5,555.766784,3489.804288,0,29,3.343912038,84.79,99.41,0.84939754,[-0.00862055],1,128,4,0.00100521,"[{""shard_pct"": 1.0, ""batch_size"": 128, ""lr"": 0.0010052099999999999, ""num_workers"": 4}]",0.714078594,0.44971875,0.714078594,0.44971875
18,0,97.45661998,9.358672142,106.9954691,14.3,555.766784,3490.463744,0,29,3.343912038,84.3,99.29,0.839864433,[0.01805153],1,128,4,0.0010057,"[{""shard_pct"": 1.0, ""batch_size"": 128, ""lr"": 0.0010057, ""num_workers"": 4}]",0.693372344,0.456357861,0.693372344,0.456357861
19,0,97.45286226,9.46541667,107.1083214,17.2,555.766784,3490.304,0,42,3.343912038,83.67,99.24,0.835320532,[-0.00496038],1,128,4,0.00100633,"[{""shard_pct"": 1.0, ""batch_size"": 128, ""lr"": 0.00100633, ""num_workers"": 4}]",0.680745234,0.489670459,0.680745234,0.489670459
20,0,97.49412203,9.372254372,107.0436459,18.2,555.766784,3490.820096,0,51,3.343912038,85.94,99.42,0.859524727,[-0.011494],1,128,4,0.00100406,"[{""shard_pct"": 1.0, ""batch_size"": 128, ""lr"": 0.00100406, ""num_workers"": 4}]",0.673379688,0.439981934,0.673379688,0.439981934
,,,,2212.78258,,,,,,,,,,,,,,,,,,,
