ts,event,job_id,cluster,world_size,note,metadata_json
2026-01-24 23:40:18,submitted,job-0c8c1c5a,-,0,,"{""model"": ""DistilBERT"", ""dataset"": ""SST-2"", ""epochs"": 20, ""batch_size_per_gpu"": 32, ""learning_rate"": 0.001, ""initial_g"": 1}"
2026-01-24 23:40:21,started,job-0c8c1c5a,clusterA,1,"started_on=clusterA, g=1","{""nodes"": [""node_a""], ""started_ts"": ""2026-01-24T23:40:21.028699""}"
2026-01-24 23:45:05,submitted,job-bed9de98,-,0,,"{""model"": ""EfficientNetV2-S"", ""dataset"": ""MNIST"", ""epochs"": 20, ""batch_size_per_gpu"": 64, ""learning_rate"": 0.001, ""initial_g"": 1}"
2026-01-24 23:45:06,started,job-bed9de98,clusterA,1,"started_on=clusterA, g=1","{""nodes"": [""node_b""], ""started_ts"": ""2026-01-24T23:45:06.171558""}"
2026-01-25 00:02:00,submitted,job-bc4daa86,-,0,,"{""model"": ""DenseNet-121"", ""dataset"": ""TinyImageNet"", ""epochs"": 20, ""batch_size_per_gpu"": 64, ""learning_rate"": 0.001, ""initial_g"": 4}"
2026-01-25 00:02:03,started,job-bc4daa86,clusterB,4,"started_on=clusterB, g=4","{""nodes"": [""node_e"", ""node_f"", ""node_g"", ""node_h""], ""started_ts"": ""2026-01-25T00:02:03.587160""}"
2026-01-25 00:03:59,submitted,job-912dbee6,-,0,,"{""model"": ""DistilBERT"", ""dataset"": ""SST-2"", ""epochs"": 20, ""batch_size_per_gpu"": 64, ""learning_rate"": 0.001, ""initial_g"": 1}"
2026-01-25 00:04:03,started,job-912dbee6,clusterA,1,"started_on=clusterA, g=1","{""nodes"": [""node_c""], ""started_ts"": ""2026-01-25T00:04:03.715644""}"
2026-01-25 00:23:36,submitted,job-d38e73ec,-,0,,"{""model"": ""DeepSpeech2"", ""dataset"": ""ARCTIC"", ""epochs"": 20, ""batch_size_per_gpu"": 32, ""learning_rate"": 0.001, ""initial_g"": 1}"
2026-01-25 00:23:39,started,job-d38e73ec,clusterA,1,"started_on=clusterA, g=1","{""nodes"": [""node_d""], ""started_ts"": ""2026-01-25T00:23:39.153336""}"
2026-01-25 00:23:42,failed,job-d38e73ec,clusterA,1,Done,"{""exit_code"": 2, ""stderr_tail"": ""usage: DDP_CMU_ARCTIC_DeepSpeech2.py [-h] [--nproc_per_node NPROC_PER_NODE]\n                                     [--epochs EPOCHS] [--init-lr INIT_LR]\n                                     [--batch_siz""}"
2026-01-25 00:28:36,submitted,job-a5efdded,-,0,,"{""model"": ""ResNet-18"", ""dataset"": ""CIFAR-100"", ""epochs"": 20, ""batch_size_per_gpu"": 32, ""learning_rate"": 0.001, ""initial_g"": 1}"
2026-01-25 00:28:39,started,job-a5efdded,clusterA,1,"started_on=clusterA, g=1","{""nodes"": [""node_d""], ""started_ts"": ""2026-01-25T00:28:39.316286""}"
2026-01-25 00:32:08,finished,job-0c8c1c5a,clusterA,1,Done,"{""exit_code"": 0, ""final_accuracy"": 50.91743119266055}"
2026-01-25 00:32:09,finished_duplicate,job-0c8c1c5a,Cluster_Default,0,Duplicate final status ignored,"{""exit_code"": 0, ""stderr_tail"": ""och 19 \ub05d (local_steps=2105, global_steps=2105)\n2026-01-25 00:29:17,915 httpx [INFO] HTTP Request: POST http://163.180.117.216:8000/report_job_metrics \""HTTP/1.1 404 Not Found\""\n2026-01-25 00:29:18,536 D"", ""final_accuracy"": 50.91743119266055}"
2026-01-25 00:32:23,submitted,job-e97fe704,-,0,,"{""model"": ""ResNet-18"", ""dataset"": ""CIFAR-100"", ""epochs"": 20, ""batch_size_per_gpu"": 32, ""learning_rate"": 0.001, ""initial_g"": 1}"
2026-01-25 00:32:24,started,job-e97fe704,clusterA,1,"started_on=clusterA, g=1","{""nodes"": [""node_a""], ""started_ts"": ""2026-01-25T00:32:24.478874""}"
2026-01-25 00:38:36,finished,job-912dbee6,clusterA,1,Done,"{""exit_code"": 0, ""final_accuracy"": 50.91743119266055}"
2026-01-25 00:38:37,submitted,job-c1887bb6,-,0,,"{""model"": ""DistilBERT"", ""dataset"": ""SST-2"", ""epochs"": 20, ""batch_size_per_gpu"": 64, ""learning_rate"": 0.001, ""initial_g"": 1}"
2026-01-25 00:38:37,finished_duplicate,job-912dbee6,Cluster_Default,0,Duplicate final status ignored,"{""exit_code"": 0, ""stderr_tail"": ""och 19 \ub05d (local_steps=1053, global_steps=1053)\n2026-01-25 00:36:38,592 httpx [INFO] HTTP Request: POST http://163.180.117.216:8000/report_job_metrics \""HTTP/1.1 404 Not Found\""\n2026-01-25 00:36:39,149 D"", ""final_accuracy"": 50.91743119266055}"
2026-01-25 00:38:39,started,job-c1887bb6,clusterA,1,"started_on=clusterA, g=1","{""nodes"": [""node_c""], ""started_ts"": ""2026-01-25T00:38:39.692816""}"
2026-01-25 00:45:54,finished,job-bc4daa86,clusterB,4,Done,"{""exit_code"": 0, ""final_accuracy"": 55.02}"
2026-01-25 00:45:54,finished_duplicate,job-bc4daa86,Cluster_Default,0,Duplicate final status ignored,"{""exit_code"": 0, ""stderr_tail"": ""2026-01-25 00:39:20,381 DDP_Script [Rank 2] [INFO] val acc 51.96%\n2026-01-25 00:39:20,802 DDP_Script [Rank 2] [INFO] epoch 18 \uc2dc\uc791\n2026-01-25 00:39:20,813 DDP_Script [Rank 2] [INFO] DataLoader created w"", ""final_accuracy"": 55.02}"
2026-01-25 00:45:55,finished_duplicate,job-bc4daa86,Cluster_Default,0,Duplicate final status ignored,"{""exit_code"": 0, ""stderr_tail"": ""2026-01-25 00:39:20,381 DDP_Script [Rank 1] [INFO] val acc 51.96%\n2026-01-25 00:39:20,802 DDP_Script [Rank 1] [INFO] epoch 18 \uc2dc\uc791\n2026-01-25 00:39:20,809 DDP_Script [Rank 1] [INFO] DataLoader created w"", ""final_accuracy"": 55.02}"
2026-01-25 00:45:55,finished_duplicate,job-bc4daa86,Cluster_Default,0,Duplicate final status ignored,"{""exit_code"": 0, ""stderr_tail"": ""NFO] epoch 19 \ub05d (local_steps=391, global_steps=391)\n2026-01-25 00:43:36,226 httpx [INFO] HTTP Request: POST http://163.180.117.216:8000/report_job_metrics \""HTTP/1.1 404 Not Found\""\n2026-01-25 00:43:40,"", ""final_accuracy"": 55.02}"
2026-01-25 00:45:56,finished_duplicate,job-bc4daa86,Cluster_Default,0,Duplicate final status ignored,"{""exit_code"": 0, ""stderr_tail"": ""2026-01-25 00:39:20,381 DDP_Script [Rank 3] [INFO] val acc 51.96%\n2026-01-25 00:39:20,802 DDP_Script [Rank 3] [INFO] epoch 18 \uc2dc\uc791\n2026-01-25 00:39:20,810 DDP_Script [Rank 3] [INFO] DataLoader created w"", ""final_accuracy"": 55.02}"
2026-01-25 00:45:56,finished,job-bed9de98,clusterA,1,Done,"{""exit_code"": 0, ""final_accuracy"": 99.57}"
2026-01-25 00:45:58,finished_duplicate,job-bed9de98,Cluster_Default,0,Duplicate final status ignored,"{""exit_code"": 0, ""stderr_tail"": ""NFO] epoch 19 \ub05d (local_steps=938, global_steps=938)\n2026-01-25 00:42:32,221 httpx [INFO] HTTP Request: POST http://163.180.117.216:8000/report_job_metrics \""HTTP/1.1 404 Not Found\""\n2026-01-25 00:42:41,"", ""final_accuracy"": 99.57}"
2026-01-25 00:49:51,submitted,job-ab53cbbb,-,0,,"{""model"": ""ResNet-50"", ""dataset"": ""CIFAR-10"", ""epochs"": 20, ""batch_size_per_gpu"": 64, ""learning_rate"": 0.001, ""initial_g"": 1}"
2026-01-25 00:49:54,started,job-ab53cbbb,clusterA,1,"started_on=clusterA, g=1","{""nodes"": [""node_b""], ""started_ts"": ""2026-01-25T00:49:54.995913""}"
2026-01-25 00:53:25,finished,job-a5efdded,clusterA,1,Done,"{""exit_code"": 0, ""final_accuracy"": 61.19}"
2026-01-25 00:53:27,finished_duplicate,job-a5efdded,Cluster_Default,0,Duplicate final status ignored,"{""exit_code"": 0, ""stderr_tail"": ""2026-01-25 00:52:08,279 DDP_Script [Rank 0] [INFO] val acc 60.00%\n2026-01-25 00:52:08,327 httpx [INFO] HTTP Request: POST http://163.180.117.216:8000/report_progress \""HTTP/1.1 200 OK\""\n2026-01-25 00:52"", ""final_accuracy"": 61.19}"
2026-01-25 00:56:56,finished,job-e97fe704,clusterA,1,Done,"{""exit_code"": 0, ""final_accuracy"": 60.59}"
2026-01-25 00:56:57,finished_duplicate,job-e97fe704,Cluster_Default,0,Duplicate final status ignored,"{""exit_code"": 0, ""stderr_tail"": ""2026-01-25 00:55:41,505 DDP_Script [Rank 0] [INFO] val acc 59.29%\n2026-01-25 00:55:41,549 httpx [INFO] HTTP Request: POST http://163.180.117.216:8000/report_progress \""HTTP/1.1 200 OK\""\n2026-01-25 00:55"", ""final_accuracy"": 60.59}"
2026-01-25 01:03:11,submitted,job-905f9080,-,0,,"{""model"": ""DistilBERT"", ""dataset"": ""SST-2"", ""epochs"": 20, ""batch_size_per_gpu"": 16, ""learning_rate"": 0.001, ""initial_g"": 1}"
2026-01-25 01:03:15,started,job-905f9080,clusterA,1,"started_on=clusterA, g=1","{""nodes"": [""node_a""], ""started_ts"": ""2026-01-25T01:03:15.295405""}"
2026-01-25 01:11:03,submitted,job-f169d782,-,0,,"{""model"": ""DeepSpeech2"", ""dataset"": ""ARCTIC"", ""epochs"": 20, ""batch_size_per_gpu"": 16, ""learning_rate"": 0.001, ""initial_g"": 1}"
2026-01-25 01:11:05,started,job-f169d782,clusterA,1,"started_on=clusterA, g=1","{""nodes"": [""node_d""], ""started_ts"": ""2026-01-25T01:11:05.494148""}"
2026-01-25 01:11:09,failed,job-f169d782,clusterA,1,Done,"{""exit_code"": 2, ""stderr_tail"": ""usage: DDP_CMU_ARCTIC_DeepSpeech2.py [-h] [--nproc_per_node NPROC_PER_NODE]\n                                     [--epochs EPOCHS] [--init-lr INIT_LR]\n                                     [--batch_siz""}"
2026-01-25 01:12:14,submitted,job-637861c9,-,0,,"{""model"": ""DenseNet-121"", ""dataset"": ""TinyImageNet"", ""epochs"": 20, ""batch_size_per_gpu"": 64, ""learning_rate"": 0.001, ""initial_g"": 4}"
2026-01-25 01:12:15,started,job-637861c9,clusterB,4,"started_on=clusterB, g=4","{""nodes"": [""node_e"", ""node_f"", ""node_g"", ""node_h""], ""started_ts"": ""2026-01-25T01:12:15.761127""}"
2026-01-25 01:13:17,finished,job-c1887bb6,clusterA,1,Done,"{""exit_code"": 0, ""final_accuracy"": 50.91743119266055}"
2026-01-25 01:13:19,finished_duplicate,job-c1887bb6,Cluster_Default,0,Duplicate final status ignored,"{""exit_code"": 0, ""stderr_tail"": ""poch 19 \ub05d (local_steps=1053, global_steps=1053)\n2026-01-25 01:11:30,759 httpx [INFO] HTTP Request: POST http://163.180.117.216:8000/report_job_metrics \""HTTP/1.1 404 Not Found\""\n2026-01-25 01:11:31,510 "", ""final_accuracy"": 50.91743119266055}"
2026-01-25 01:14:31,submitted,job-6487e494,-,0,,"{""model"": ""EfficientNetV2-S"", ""dataset"": ""MNIST"", ""epochs"": 20, ""batch_size_per_gpu"": 64, ""learning_rate"": 0.001, ""initial_g"": 1}"
2026-01-25 01:14:35,started,job-6487e494,clusterA,1,"started_on=clusterA, g=1","{""nodes"": [""node_c""], ""started_ts"": ""2026-01-25T01:14:35.881541""}"
2026-01-25 01:16:39,submitted,job-9dc1ae5b,-,0,,"{""model"": ""DistilBERT"", ""dataset"": ""SST-2"", ""epochs"": 20, ""batch_size_per_gpu"": 16, ""learning_rate"": 0.001, ""initial_g"": 1}"
2026-01-25 01:16:40,started,job-9dc1ae5b,clusterA,1,"started_on=clusterA, g=1","{""nodes"": [""node_d""], ""started_ts"": ""2026-01-25T01:16:40.990082""}"
2026-01-25 01:17:24,submitted,job-d0e41384,-,0,,"{""model"": ""DeepSpeech2"", ""dataset"": ""ARCTIC"", ""epochs"": 20, ""batch_size_per_gpu"": 32, ""learning_rate"": 0.001, ""initial_g"": 0}"
2026-01-25 01:18:58,submitted,job-9edf0aaf,-,0,,"{""model"": ""EfficientNetV2-S"", ""dataset"": ""MNIST"", ""epochs"": 20, ""batch_size_per_gpu"": 64, ""learning_rate"": 0.001, ""initial_g"": 0}"
2026-01-25 01:27:56,submitted,job-3b165a85,-,0,,"{""model"": ""EfficientNetV2-S"", ""dataset"": ""MNIST"", ""epochs"": 20, ""batch_size_per_gpu"": 64, ""learning_rate"": 0.001, ""initial_g"": 0}"
2026-01-25 01:28:32,finished,job-ab53cbbb,clusterA,1,Done,"{""exit_code"": 0, ""final_accuracy"": 85.96}"
2026-01-25 01:28:34,finished_duplicate,job-ab53cbbb,Cluster_Default,0,Duplicate final status ignored,"{""exit_code"": 0, ""stderr_tail"": ""NFO] epoch 19 \ub05d (local_steps=782, global_steps=782)\n2026-01-25 01:26:23,079 httpx [INFO] HTTP Request: POST http://163.180.117.216:8000/report_job_metrics \""HTTP/1.1 404 Not Found\""\n2026-01-25 01:26:32,"", ""final_accuracy"": 85.96}"
2026-01-25 01:28:36,started,job-d0e41384,clusterA,1,"started_on=clusterA, g=1","{""nodes"": [""node_b""], ""started_ts"": ""2026-01-25T01:28:36.301844""}"
2026-01-25 01:28:39,failed,job-d0e41384,clusterA,1,Done,"{""exit_code"": 2, ""stderr_tail"": ""usage: DDP_CMU_ARCTIC_DeepSpeech2.py [-h] [--nproc_per_node NPROC_PER_NODE]\n                                     [--epochs EPOCHS] [--init-lr INIT_LR]\n                                     [--batch_siz""}"
2026-01-25 01:28:41,started,job-9edf0aaf,clusterA,1,"started_on=clusterA, g=1","{""nodes"": [""node_b""], ""started_ts"": ""2026-01-25T01:28:41.389537""}"
2026-01-25 01:36:45,submitted,job-a36a8510,-,0,,"{""model"": ""ResNet-50"", ""dataset"": ""CIFAR-10"", ""epochs"": 20, ""batch_size_per_gpu"": 64, ""learning_rate"": 0.001, ""initial_g"": 0}"
2026-01-25 01:42:07,submitted,job-8c9e2e59,-,0,,"{""model"": ""DeepSpeech2"", ""dataset"": ""ARCTIC"", ""epochs"": 20, ""batch_size_per_gpu"": 8, ""learning_rate"": 0.001, ""initial_g"": 0}"
2026-01-25 01:45:03,submitted,job-8b464409,-,0,,"{""model"": ""DenseNet-121"", ""dataset"": ""TinyImageNet"", ""epochs"": 20, ""batch_size_per_gpu"": 64, ""learning_rate"": 0.001, ""initial_g"": 0}"
2026-01-25 01:45:24,submitted,job-480471dc,-,0,,"{""model"": ""DistilBERT"", ""dataset"": ""SST-2"", ""epochs"": 20, ""batch_size_per_gpu"": 64, ""learning_rate"": 0.001, ""initial_g"": 0}"
2026-01-25 01:48:17,submitted,job-581da131,-,0,,"{""model"": ""DistilBERT"", ""dataset"": ""SST-2"", ""epochs"": 20, ""batch_size_per_gpu"": 16, ""learning_rate"": 0.001, ""initial_g"": 0}"
2026-01-25 01:50:40,submitted,job-ef297406,-,0,,"{""model"": ""DenseNet-121"", ""dataset"": ""TinyImageNet"", ""epochs"": 20, ""batch_size_per_gpu"": 64, ""learning_rate"": 0.001, ""initial_g"": 0}"
2026-01-25 01:55:40,finished,job-637861c9,clusterB,4,Done,"{""exit_code"": 0, ""stderr_tail"": ""2026-01-25 01:49:09,289 DDP_Script [Rank 3] [INFO] val acc 52.68%\n2026-01-25 01:49:09,821 DDP_Script [Rank 3] [INFO] epoch 18 \uc2dc\uc791\n2026-01-25 01:49:09,833 DDP_Script [Rank 3] [INFO] DataLoader created w"", ""final_accuracy"": 54.63}"
2026-01-25 01:55:41,finished_duplicate,job-637861c9,Cluster_Default,0,Duplicate final status ignored,"{""exit_code"": 0, ""stderr_tail"": ""2026-01-25 01:49:09,290 DDP_Script [Rank 2] [INFO] val acc 52.68%\n2026-01-25 01:49:09,821 DDP_Script [Rank 2] [INFO] epoch 18 \uc2dc\uc791\n2026-01-25 01:49:09,833 DDP_Script [Rank 2] [INFO] DataLoader created w"", ""final_accuracy"": 54.63}"
2026-01-25 01:55:42,started,job-a36a8510,clusterB,1,"started_on=clusterB, g=1","{""nodes"": [""node_f""], ""started_ts"": ""2026-01-25T01:55:42.066084""}"
2026-01-25 01:55:42,started,job-3b165a85,clusterB,1,"started_on=clusterB, g=1","{""nodes"": [""node_e""], ""started_ts"": ""2026-01-25T01:55:42.066458""}"
2026-01-25 01:55:42,started,job-480471dc,clusterB,1,"started_on=clusterB, g=1","{""nodes"": [""node_h""], ""started_ts"": ""2026-01-25T01:55:42.071391""}"
2026-01-25 01:55:42,started,job-8c9e2e59,clusterB,1,"started_on=clusterB, g=1","{""nodes"": [""node_g""], ""started_ts"": ""2026-01-25T01:55:42.090417""}"
2026-01-25 01:55:42,finished_duplicate,job-637861c9,Cluster_Default,0,Duplicate final status ignored,"{""exit_code"": 0, ""final_accuracy"": 54.63}"
2026-01-25 01:55:44,finished_duplicate,job-637861c9,Cluster_Default,0,Duplicate final status ignored,"{""exit_code"": 0, ""stderr_tail"": ""2026-01-25 01:49:09,290 DDP_Script [Rank 1] [INFO] val acc 52.68%\n2026-01-25 01:49:09,821 DDP_Script [Rank 1] [INFO] epoch 18 \uc2dc\uc791\n2026-01-25 01:49:09,828 DDP_Script [Rank 1] [INFO] DataLoader created w"", ""final_accuracy"": 54.63}"
2026-01-25 01:55:44,finished_duplicate,job-637861c9,Cluster_Default,0,Duplicate final status ignored,"{""exit_code"": 0, ""stderr_tail"": ""NFO] epoch 19 \ub05d (local_steps=391, global_steps=391)\n2026-01-25 01:53:24,354 httpx [INFO] HTTP Request: POST http://163.180.117.216:8000/report_job_metrics \""HTTP/1.1 404 Not Found\""\n2026-01-25 01:53:28,"", ""final_accuracy"": 54.63}"
2026-01-25 01:55:50,failed,job-8c9e2e59,clusterB,1,Done,"{""exit_code"": 2, ""stderr_tail"": ""usage: DDP_CMU_ARCTIC_DeepSpeech2.py [-h] [--nproc_per_node NPROC_PER_NODE]\n                                     [--epochs EPOCHS] [--init-lr INIT_LR]\n                                     [--batch_siz""}"
2026-01-25 01:55:52,started,job-581da131,clusterB,1,"started_on=clusterB, g=1","{""nodes"": [""node_g""], ""started_ts"": ""2026-01-25T01:55:52.219555""}"
2026-01-25 01:56:55,submitted,job-a7e63aa2,-,0,,"{""model"": ""EfficientNetV2-S"", ""dataset"": ""MNIST"", ""epochs"": 20, ""batch_size_per_gpu"": 64, ""learning_rate"": 0.001, ""initial_g"": 0}"
2026-01-25 02:00:30,submitted,job-cd691b74,-,0,,"{""model"": ""EfficientNetV2-S"", ""dataset"": ""MNIST"", ""epochs"": 20, ""batch_size_per_gpu"": 64, ""learning_rate"": 0.001, ""initial_g"": 0}"
2026-01-25 02:01:31,submitted,job-b175a99b,-,0,,"{""model"": ""DistilBERT"", ""dataset"": ""SST-2"", ""epochs"": 20, ""batch_size_per_gpu"": 32, ""learning_rate"": 0.001, ""initial_g"": 0}"
2026-01-25 02:02:08,submitted,job-71b0f6c1,-,0,,"{""model"": ""DeepSpeech2"", ""dataset"": ""ARCTIC"", ""epochs"": 20, ""batch_size_per_gpu"": 16, ""learning_rate"": 0.001, ""initial_g"": 0}"
2026-01-25 02:15:01,submitted,job-bb497318,-,0,,"{""model"": ""DeepSpeech2"", ""dataset"": ""ARCTIC"", ""epochs"": 20, ""batch_size_per_gpu"": 8, ""learning_rate"": 0.001, ""initial_g"": 0}"
2026-01-25 02:16:01,submitted,job-10032708,-,0,,"{""model"": ""DeepSpeech2"", ""dataset"": ""ARCTIC"", ""epochs"": 20, ""batch_size_per_gpu"": 32, ""learning_rate"": 0.001, ""initial_g"": 0}"
2026-01-25 02:16:46,submitted,job-8ee53bd9,-,0,,"{""model"": ""DistilBERT"", ""dataset"": ""SST-2"", ""epochs"": 20, ""batch_size_per_gpu"": 32, ""learning_rate"": 0.001, ""initial_g"": 0}"
2026-01-25 02:21:57,submitted,job-79e1760a,-,0,,"{""model"": ""DenseNet-121"", ""dataset"": ""TinyImageNet"", ""epochs"": 20, ""batch_size_per_gpu"": 64, ""learning_rate"": 0.001, ""initial_g"": 0}"
2026-01-25 02:22:37,finished,job-6487e494,clusterA,1,Done,"{""exit_code"": 0, ""final_accuracy"": 99.3}"
2026-01-25 02:22:37,started,job-a7e63aa2,clusterA,1,"started_on=clusterA, g=1","{""nodes"": [""node_c""], ""started_ts"": ""2026-01-25T02:22:37.712009""}"
2026-01-25 02:22:39,finished_duplicate,job-6487e494,Cluster_Default,0,Duplicate final status ignored,"{""exit_code"": 0, ""stderr_tail"": ""NFO] epoch 19 \ub05d (local_steps=938, global_steps=938)\n2026-01-25 02:18:57,844 httpx [INFO] HTTP Request: POST http://163.180.117.216:8000/report_job_metrics \""HTTP/1.1 404 Not Found\""\n2026-01-25 02:19:07,"", ""final_accuracy"": 99.3}"
2026-01-25 02:25:46,submitted,job-0caedf57,-,0,,"{""model"": ""ResNet-18"", ""dataset"": ""CIFAR-100"", ""epochs"": 20, ""batch_size_per_gpu"": 128, ""learning_rate"": 0.001, ""initial_g"": 0}"
2026-01-25 02:26:24,submitted,job-060f6497,-,0,,"{""model"": ""DeepSpeech2"", ""dataset"": ""ARCTIC"", ""epochs"": 20, ""batch_size_per_gpu"": 16, ""learning_rate"": 0.001, ""initial_g"": 0}"
2026-01-25 02:29:16,submitted,job-074c0067,-,0,,"{""model"": ""DenseNet-121"", ""dataset"": ""TinyImageNet"", ""epochs"": 20, ""batch_size_per_gpu"": 64, ""learning_rate"": 0.001, ""initial_g"": 0}"
2026-01-25 02:29:59,submitted,job-684228cc,-,0,,"{""model"": ""ResNet-50"", ""dataset"": ""CIFAR-10"", ""epochs"": 20, ""batch_size_per_gpu"": 128, ""learning_rate"": 0.001, ""initial_g"": 0}"
2026-01-25 02:31:10,finished,job-9edf0aaf,clusterA,1,Done,"{""exit_code"": 0, ""final_accuracy"": 99.5}"
2026-01-25 02:31:11,finished_duplicate,job-9edf0aaf,Cluster_Default,0,Duplicate final status ignored,"{""exit_code"": 0, ""stderr_tail"": ""NFO] epoch 19 \ub05d (local_steps=938, global_steps=938)\n2026-01-25 02:27:46,528 httpx [INFO] HTTP Request: POST http://163.180.117.216:8000/report_job_metrics \""HTTP/1.1 404 Not Found\""\n2026-01-25 02:27:56,"", ""final_accuracy"": 99.5}"
2026-01-25 02:31:12,started,job-cd691b74,clusterA,1,"started_on=clusterA, g=1","{""nodes"": [""node_b""], ""started_ts"": ""2026-01-25T02:31:12.927389""}"
2026-01-25 02:34:36,finished,job-480471dc,clusterB,1,Done,"{""exit_code"": 0, ""final_accuracy"": 50.91743119266055}"
2026-01-25 02:34:38,started,job-b175a99b,clusterB,1,"started_on=clusterB, g=1","{""nodes"": [""node_h""], ""started_ts"": ""2026-01-25T02:34:38.075057""}"
2026-01-25 02:34:38,finished_duplicate,job-480471dc,Cluster_Default,0,Duplicate final status ignored,"{""exit_code"": 0, ""stderr_tail"": ""och 19 \ub05d (local_steps=1053, global_steps=1053)\n2026-01-25 02:32:32,768 httpx [INFO] HTTP Request: POST http://163.180.117.216:8000/report_job_metrics \""HTTP/1.1 404 Not Found\""\n2026-01-25 02:32:33,429 D"", ""final_accuracy"": 50.91743119266055}"
2026-01-25 02:38:03,submitted,job-0c240513,-,0,,"{""model"": ""DistilBERT"", ""dataset"": ""SST-2"", ""epochs"": 20, ""batch_size_per_gpu"": 32, ""learning_rate"": 0.001, ""initial_g"": 0}"
2026-01-25 02:39:31,submitted,job-5de6d07d,-,0,,"{""model"": ""DistilBERT"", ""dataset"": ""SST-2"", ""epochs"": 20, ""batch_size_per_gpu"": 64, ""learning_rate"": 0.001, ""initial_g"": 0}"
2026-01-25 02:41:31,finished,job-a36a8510,clusterB,1,Done,"{""exit_code"": 0, ""final_accuracy"": 84.81}"
2026-01-25 02:41:32,finished_duplicate,job-a36a8510,Cluster_Default,0,Duplicate final status ignored,"{""exit_code"": 0, ""stderr_tail"": ""NFO] epoch 19 \ub05d (local_steps=782, global_steps=782)\n2026-01-25 02:39:02,445 httpx [INFO] HTTP Request: POST http://163.180.117.216:8000/report_job_metrics \""HTTP/1.1 404 Not Found\""\n2026-01-25 02:39:12,"", ""final_accuracy"": 84.81}"
2026-01-25 02:41:33,started,job-71b0f6c1,clusterB,1,"started_on=clusterB, g=1","{""nodes"": [""node_f""], ""started_ts"": ""2026-01-25T02:41:33.267476""}"
2026-01-25 02:41:37,failed,job-71b0f6c1,clusterB,1,Done,"{""exit_code"": 2, ""stderr_tail"": ""usage: DDP_CMU_ARCTIC_DeepSpeech2.py [-h] [--nproc_per_node NPROC_PER_NODE]\n                                     [--epochs EPOCHS] [--init-lr INIT_LR]\n                                     [--batch_siz""}"
2026-01-25 02:41:38,started,job-bb497318,clusterB,1,"started_on=clusterB, g=1","{""nodes"": [""node_f""], ""started_ts"": ""2026-01-25T02:41:38.364778""}"
2026-01-25 02:41:41,failed,job-bb497318,clusterB,1,Done,"{""exit_code"": 2, ""stderr_tail"": ""usage: DDP_CMU_ARCTIC_DeepSpeech2.py [-h] [--nproc_per_node NPROC_PER_NODE]\n                                     [--epochs EPOCHS] [--init-lr INIT_LR]\n                                     [--batch_siz""}"
2026-01-25 02:41:43,started,job-10032708,clusterB,1,"started_on=clusterB, g=1","{""nodes"": [""node_f""], ""started_ts"": ""2026-01-25T02:41:43.441919""}"
2026-01-25 02:41:46,failed,job-10032708,clusterB,1,Done,"{""exit_code"": 2, ""stderr_tail"": ""usage: DDP_CMU_ARCTIC_DeepSpeech2.py [-h] [--nproc_per_node NPROC_PER_NODE]\n                                     [--epochs EPOCHS] [--init-lr INIT_LR]\n                                     [--batch_siz""}"
2026-01-25 02:41:48,started,job-8ee53bd9,clusterB,1,"started_on=clusterB, g=1","{""nodes"": [""node_f""], ""started_ts"": ""2026-01-25T02:41:48.699718""}"
2026-01-25 02:47:04,finished,job-905f9080,clusterA,1,Done,"{""exit_code"": 0, ""final_accuracy"": 50.91743119266055}"
2026-01-25 02:47:06,finished_duplicate,job-905f9080,Cluster_Default,0,Duplicate final status ignored,"{""exit_code"": 0, ""stderr_tail"": ""och 19 \ub05d (local_steps=4210, global_steps=4210)\n2026-01-25 02:41:43,758 httpx [INFO] HTTP Request: POST http://163.180.117.216:8000/report_job_metrics \""HTTP/1.1 404 Not Found\""\n2026-01-25 02:41:44,350 D"", ""final_accuracy"": 50.91743119266055}"
2026-01-25 02:47:08,started,job-0caedf57,clusterA,1,"started_on=clusterA, g=1","{""nodes"": [""node_a""], ""started_ts"": ""2026-01-25T02:47:08.898044""}"
2026-01-25 02:53:27,submitted,job-4a012ee5,-,0,,"{""model"": ""ResNet-50"", ""dataset"": ""CIFAR-10"", ""epochs"": 20, ""batch_size_per_gpu"": 32, ""learning_rate"": 0.001, ""initial_g"": 0}"
2026-01-25 03:01:24,submitted,job-247cc80e,-,0,,"{""model"": ""EfficientNetV2-S"", ""dataset"": ""MNIST"", ""epochs"": 20, ""batch_size_per_gpu"": 64, ""learning_rate"": 0.001, ""initial_g"": 0}"
2026-01-25 03:01:52,finished,job-0caedf57,clusterA,1,Done,"{""exit_code"": 0, ""final_accuracy"": 63.78}"
2026-01-25 03:01:53,finished_duplicate,job-0caedf57,Cluster_Default,0,Duplicate final status ignored,"{""exit_code"": 0, ""stderr_tail"": ""2026-01-25 03:01:05,648 DDP_Script [Rank 0] [INFO] val acc 65.44%\n2026-01-25 03:01:05,690 httpx [INFO] HTTP Request: POST http://163.180.117.216:8000/report_progress \""HTTP/1.1 200 OK\""\n2026-01-25 03:01"", ""final_accuracy"": 63.78}"
2026-01-25 03:01:54,started,job-060f6497,clusterA,1,"started_on=clusterA, g=1","{""nodes"": [""node_a""], ""started_ts"": ""2026-01-25T03:01:54.198168""}"
2026-01-25 03:01:57,failed,job-060f6497,clusterA,1,Done,"{""exit_code"": 2, ""stderr_tail"": ""usage: DDP_CMU_ARCTIC_DeepSpeech2.py [-h] [--nproc_per_node NPROC_PER_NODE]\n                                     [--epochs EPOCHS] [--init-lr INIT_LR]\n                                     [--batch_siz""}"
2026-01-25 03:01:59,started,job-684228cc,clusterA,1,"started_on=clusterA, g=1","{""nodes"": [""node_a""], ""started_ts"": ""2026-01-25T03:01:59.300277""}"
2026-01-25 03:02:33,finished,job-9dc1ae5b,clusterA,1,Done,"{""exit_code"": 0, ""final_accuracy"": 50.91743119266055}"
2026-01-25 03:02:34,started,job-0c240513,clusterA,1,"started_on=clusterA, g=1","{""nodes"": [""node_d""], ""started_ts"": ""2026-01-25T03:02:34.419376""}"
2026-01-25 03:02:35,finished_duplicate,job-9dc1ae5b,Cluster_Default,0,Duplicate final status ignored,"{""exit_code"": 0, ""stderr_tail"": ""och 19 \ub05d (local_steps=4210, global_steps=4210)\n2026-01-25 02:57:02,039 httpx [INFO] HTTP Request: POST http://163.180.117.216:8000/report_job_metrics \""HTTP/1.1 404 Not Found\""\n2026-01-25 02:57:02,588 D"", ""final_accuracy"": 50.91743119266055}"
2026-01-25 03:10:19,finished,job-3b165a85,clusterB,1,Done,"{""exit_code"": 0, ""final_accuracy"": 99.4}"
2026-01-25 03:10:21,finished_duplicate,job-3b165a85,Cluster_Default,0,Duplicate final status ignored,"{""exit_code"": 0, ""stderr_tail"": ""NFO] epoch 19 \ub05d (local_steps=938, global_steps=938)\n2026-01-25 03:06:14,177 httpx [INFO] HTTP Request: POST http://163.180.117.216:8000/report_job_metrics \""HTTP/1.1 404 Not Found\""\n2026-01-25 03:06:25,"", ""final_accuracy"": 99.4}"
2026-01-25 03:10:24,started,job-5de6d07d,clusterB,1,"started_on=clusterB, g=1","{""nodes"": [""node_e""], ""started_ts"": ""2026-01-25T03:10:24.620076""}"
2026-01-25 03:11:48,submitted,job-18e8894a,-,0,,"{""model"": ""DistilBERT"", ""dataset"": ""SST-2"", ""epochs"": 20, ""batch_size_per_gpu"": 64, ""learning_rate"": 0.001, ""initial_g"": 0}"
2026-01-25 03:16:00,submitted,job-8a09bcda,-,0,,"{""model"": ""DeepSpeech2"", ""dataset"": ""ARCTIC"", ""epochs"": 20, ""batch_size_per_gpu"": 32, ""learning_rate"": 0.001, ""initial_g"": 0}"
2026-01-25 03:20:37,submitted,job-70fc9962,-,0,,"{""model"": ""DeepSpeech2"", ""dataset"": ""ARCTIC"", ""epochs"": 20, ""batch_size_per_gpu"": 32, ""learning_rate"": 0.001, ""initial_g"": 0}"
2026-01-25 03:30:25,finished,job-a7e63aa2,clusterA,1,Done,"{""exit_code"": 0, ""final_accuracy"": 99.62}"
2026-01-25 03:30:26,finished_duplicate,job-a7e63aa2,Cluster_Default,0,Duplicate final status ignored,"{""exit_code"": 0, ""stderr_tail"": ""NFO] epoch 19 \ub05d (local_steps=938, global_steps=938)\n2026-01-25 03:26:53,373 httpx [INFO] HTTP Request: POST http://163.180.117.216:8000/report_job_metrics \""HTTP/1.1 404 Not Found\""\n2026-01-25 03:27:02,"", ""final_accuracy"": 99.62}"
2026-01-25 03:30:30,started,job-4a012ee5,clusterA,1,"started_on=clusterA, g=1","{""nodes"": [""node_c""], ""started_ts"": ""2026-01-25T03:30:30.068339""}"
2026-01-25 03:31:17,submitted,job-7823784b,-,0,,"{""model"": ""DenseNet-121"", ""dataset"": ""TinyImageNet"", ""epochs"": 20, ""batch_size_per_gpu"": 64, ""learning_rate"": 0.001, ""initial_g"": 0}"
2026-01-25 03:33:33,submitted,job-9295e00b,-,0,,"{""model"": ""DistilBERT"", ""dataset"": ""SST-2"", ""epochs"": 20, ""batch_size_per_gpu"": 16, ""learning_rate"": 0.001, ""initial_g"": 0}"
2026-01-25 03:33:38,finished,job-cd691b74,clusterA,1,Done,"{""exit_code"": 0, ""final_accuracy"": 99.31}"
2026-01-25 03:33:40,started,job-247cc80e,clusterA,1,"started_on=clusterA, g=1","{""nodes"": [""node_b""], ""started_ts"": ""2026-01-25T03:33:40.207504""}"
2026-01-25 03:33:40,finished_duplicate,job-cd691b74,Cluster_Default,0,Duplicate final status ignored,"{""exit_code"": 0, ""stderr_tail"": ""NFO] epoch 19 \ub05d (local_steps=938, global_steps=938)\n2026-01-25 03:30:18,996 httpx [INFO] HTTP Request: POST http://163.180.117.216:8000/report_job_metrics \""HTTP/1.1 404 Not Found\""\n2026-01-25 03:30:28,"", ""final_accuracy"": 99.31}"
2026-01-25 03:34:44,submitted,job-68cc5887,-,0,,"{""model"": ""DistilBERT"", ""dataset"": ""SST-2"", ""epochs"": 20, ""batch_size_per_gpu"": 32, ""learning_rate"": 0.001, ""initial_g"": 0}"
2026-01-25 03:36:11,submitted,job-45e125db,-,0,,"{""model"": ""ResNet-18"", ""dataset"": ""CIFAR-100"", ""epochs"": 20, ""batch_size_per_gpu"": 64, ""learning_rate"": 0.001, ""initial_g"": 0}"
2026-01-25 03:38:29,finished,job-684228cc,clusterA,1,Done,"{""exit_code"": 0, ""final_accuracy"": 84.0}"
2026-01-25 03:38:30,started,job-18e8894a,clusterA,1,"started_on=clusterA, g=1","{""nodes"": [""node_a""], ""started_ts"": ""2026-01-25T03:38:30.378886""}"
2026-01-25 03:38:30,finished_duplicate,job-684228cc,Cluster_Default,0,Duplicate final status ignored,"{""exit_code"": 0, ""stderr_tail"": ""NFO] epoch 19 \ub05d (local_steps=391, global_steps=391)\n2026-01-25 03:36:25,318 httpx [INFO] HTTP Request: POST http://163.180.117.216:8000/report_job_metrics \""HTTP/1.1 404 Not Found\""\n2026-01-25 03:36:34,"", ""final_accuracy"": 84.0}"
2026-01-25 03:38:58,submitted,job-fcfba421,-,0,,"{""model"": ""ResNet-18"", ""dataset"": ""CIFAR-100"", ""epochs"": 20, ""batch_size_per_gpu"": 128, ""learning_rate"": 0.001, ""initial_g"": 0}"
2026-01-25 03:39:42,submitted,job-db1ed076,-,0,,"{""model"": ""DistilBERT"", ""dataset"": ""SST-2"", ""epochs"": 20, ""batch_size_per_gpu"": 32, ""learning_rate"": 0.001, ""initial_g"": 0}"
2026-01-25 03:40:36,submitted,job-604d074d,-,0,,"{""model"": ""DenseNet-121"", ""dataset"": ""TinyImageNet"", ""epochs"": 20, ""batch_size_per_gpu"": 64, ""learning_rate"": 0.001, ""initial_g"": 0}"
2026-01-25 03:43:11,submitted,job-5c5e00dd,-,0,,"{""model"": ""ResNet-18"", ""dataset"": ""CIFAR-100"", ""epochs"": 20, ""batch_size_per_gpu"": 64, ""learning_rate"": 0.001, ""initial_g"": 0}"
2026-01-25 03:55:58,finished,job-b175a99b,clusterB,1,Done,"{""exit_code"": 0, ""final_accuracy"": 50.91743119266055}"
2026-01-25 03:56:00,finished_duplicate,job-b175a99b,Cluster_Default,0,Duplicate final status ignored,"{""exit_code"": 0, ""stderr_tail"": ""och 19 \ub05d (local_steps=2105, global_steps=2105)\n2026-01-25 03:51:31,598 httpx [INFO] HTTP Request: POST http://163.180.117.216:8000/report_job_metrics \""HTTP/1.1 404 Not Found\""\n2026-01-25 03:51:32,309 D"", ""final_accuracy"": 50.91743119266055}"
2026-01-25 03:56:00,started,job-8a09bcda,clusterB,1,"started_on=clusterB, g=1","{""nodes"": [""node_h""], ""started_ts"": ""2026-01-25T03:56:00.917772""}"
2026-01-25 03:56:11,failed,job-8a09bcda,clusterB,1,Done,"{""exit_code"": 2, ""stderr_tail"": ""usage: DDP_CMU_ARCTIC_DeepSpeech2.py [-h] [--nproc_per_node NPROC_PER_NODE]\n                                     [--epochs EPOCHS] [--init-lr INIT_LR]\n                                     [--batch_siz""}"
2026-01-25 03:56:16,started,job-70fc9962,clusterB,1,"started_on=clusterB, g=1","{""nodes"": [""node_h""], ""started_ts"": ""2026-01-25T03:56:16.052286""}"
2026-01-25 03:56:21,failed,job-70fc9962,clusterB,1,Done,"{""exit_code"": 2, ""stderr_tail"": ""usage: DDP_CMU_ARCTIC_DeepSpeech2.py [-h] [--nproc_per_node NPROC_PER_NODE]\n                                     [--epochs EPOCHS] [--init-lr INIT_LR]\n                                     [--batch_siz""}"
2026-01-25 03:56:26,started,job-9295e00b,clusterB,1,"started_on=clusterB, g=1","{""nodes"": [""node_h""], ""started_ts"": ""2026-01-25T03:56:26.146897""}"
2026-01-25 03:56:54,finished,job-0c240513,clusterA,1,Done,"{""exit_code"": 0, ""final_accuracy"": 50.91743119266055}"
2026-01-25 03:56:56,finished_duplicate,job-0c240513,Cluster_Default,0,Duplicate final status ignored,"{""exit_code"": 0, ""stderr_tail"": ""och 19 \ub05d (local_steps=2105, global_steps=2105)\n2026-01-25 03:54:06,008 httpx [INFO] HTTP Request: POST http://163.180.117.216:8000/report_job_metrics \""HTTP/1.1 404 Not Found\""\n2026-01-25 03:54:06,594 D"", ""final_accuracy"": 50.91743119266055}"
2026-01-25 03:56:56,started,job-68cc5887,clusterA,1,"started_on=clusterA, g=1","{""nodes"": [""node_d""], ""started_ts"": ""2026-01-25T03:56:56.261461""}"
2026-01-25 03:58:01,finished,job-5de6d07d,clusterB,1,Done,"{""exit_code"": 0, ""final_accuracy"": 50.91743119266055}"
2026-01-25 03:58:01,started,job-45e125db,clusterB,1,"started_on=clusterB, g=1","{""nodes"": [""node_e""], ""started_ts"": ""2026-01-25T03:58:01.407456""}"
2026-01-25 03:58:02,finished_duplicate,job-5de6d07d,Cluster_Default,0,Duplicate final status ignored,"{""exit_code"": 0, ""stderr_tail"": ""och 19 \ub05d (local_steps=1053, global_steps=1053)\n2026-01-25 03:55:40,453 httpx [INFO] HTTP Request: POST http://163.180.117.216:8000/report_job_metrics \""HTTP/1.1 404 Not Found\""\n2026-01-25 03:55:41,121 D"", ""final_accuracy"": 50.91743119266055}"
2026-01-25 03:59:13,finished,job-8ee53bd9,clusterB,1,Done,"{""exit_code"": 0, ""final_accuracy"": 50.91743119266055}"
2026-01-25 03:59:14,finished_duplicate,job-8ee53bd9,Cluster_Default,0,Duplicate final status ignored,"{""exit_code"": 0, ""stderr_tail"": ""och 19 \ub05d (local_steps=2105, global_steps=2105)\n2026-01-25 03:55:25,605 httpx [INFO] HTTP Request: POST http://163.180.117.216:8000/report_job_metrics \""HTTP/1.1 404 Not Found\""\n2026-01-25 03:55:26,216 D"", ""final_accuracy"": 50.91743119266055}"
2026-01-25 03:59:16,started,job-fcfba421,clusterB,1,"started_on=clusterB, g=1","{""nodes"": [""node_f""], ""started_ts"": ""2026-01-25T03:59:16.523311""}"
2026-01-25 04:06:59,finished,job-18e8894a,clusterA,1,Done,"{""exit_code"": 0, ""final_accuracy"": 50.91743119266055}"
2026-01-25 04:07:01,finished_duplicate,job-18e8894a,Cluster_Default,0,Duplicate final status ignored,"{""exit_code"": 0, ""stderr_tail"": ""poch 19 \ub05d (local_steps=1053, global_steps=1053)\n2026-01-25 04:05:29,273 httpx [INFO] HTTP Request: POST http://163.180.117.216:8000/report_job_metrics \""HTTP/1.1 404 Not Found\""\n2026-01-25 04:05:29,958 "", ""final_accuracy"": 50.91743119266055}"
2026-01-25 04:07:01,started,job-db1ed076,clusterA,1,"started_on=clusterA, g=1","{""nodes"": [""node_a""], ""started_ts"": ""2026-01-25T04:07:01.847426""}"
2026-01-25 04:17:23,finished,job-45e125db,clusterB,1,Done,"{""exit_code"": 0, ""final_accuracy"": 64.21}"
2026-01-25 04:17:25,finished_duplicate,job-45e125db,Cluster_Default,0,Duplicate final status ignored,"{""exit_code"": 0, ""stderr_tail"": ""2026-01-25 04:16:24,831 DDP_Script [Rank 0] [INFO] val acc 63.58%\n2026-01-25 04:16:24,862 httpx [INFO] HTTP Request: POST http://163.180.117.216:8000/report_progress \""HTTP/1.1 200 OK\""\n2026-01-25 04:16"", ""final_accuracy"": 64.21}"
2026-01-25 04:17:27,started,job-5c5e00dd,clusterB,1,"started_on=clusterB, g=1","{""nodes"": [""node_e""], ""started_ts"": ""2026-01-25T04:17:27.090295""}"
2026-01-25 04:17:35,finished,job-fcfba421,clusterB,1,Done,"{""exit_code"": 0, ""final_accuracy"": 64.39}"
2026-01-25 04:17:36,finished_duplicate,job-fcfba421,Cluster_Default,0,Duplicate final status ignored,"{""exit_code"": 0, ""stderr_tail"": ""2026-01-25 04:16:34,952 DDP_Script [Rank 0] [INFO] val acc 64.94%\n2026-01-25 04:16:34,984 httpx [INFO] HTTP Request: POST http://163.180.117.216:8000/report_progress \""HTTP/1.1 200 OK\""\n2026-01-25 04:16"", ""final_accuracy"": 64.39}"
2026-01-25 04:22:33,finished,job-4a012ee5,clusterA,1,Done,"{""exit_code"": 0, ""final_accuracy"": 84.89}"
2026-01-25 04:22:35,finished_duplicate,job-4a012ee5,Cluster_Default,0,Duplicate final status ignored,"{""exit_code"": 0, ""stderr_tail"": ""och 19 \ub05d (local_steps=1563, global_steps=1563)\n2026-01-25 04:19:41,730 httpx [INFO] HTTP Request: POST http://163.180.117.216:8000/report_job_metrics \""HTTP/1.1 404 Not Found\""\n2026-01-25 04:19:51,482 D"", ""final_accuracy"": 84.89}"
2026-01-25 04:27:03,finished,job-581da131,clusterB,1,Done,"{""exit_code"": 0, ""final_accuracy"": 50.91743119266055}"
2026-01-25 04:27:05,finished_duplicate,job-581da131,Cluster_Default,0,Duplicate final status ignored,"{""exit_code"": 0, ""stderr_tail"": ""och 19 \ub05d (local_steps=4210, global_steps=4210)\n2026-01-25 04:20:14,239 httpx [INFO] HTTP Request: POST http://163.180.117.216:8000/report_job_metrics \""HTTP/1.1 404 Not Found\""\n2026-01-25 04:20:15,143 D"", ""final_accuracy"": 50.91743119266055}"
2026-01-25 04:35:39,finished,job-247cc80e,clusterA,1,Done,"{""exit_code"": 0, ""final_accuracy"": 99.39}"
2026-01-25 04:35:41,finished_duplicate,job-247cc80e,Cluster_Default,0,Duplicate final status ignored,"{""exit_code"": 0, ""stderr_tail"": ""NFO] epoch 19 \ub05d (local_steps=938, global_steps=938)\n2026-01-25 04:32:19,418 httpx [INFO] HTTP Request: POST http://163.180.117.216:8000/report_job_metrics \""HTTP/1.1 404 Not Found\""\n2026-01-25 04:32:28,"", ""final_accuracy"": 99.39}"
2026-01-25 04:36:03,finished,job-5c5e00dd,clusterB,1,Done,"{""exit_code"": 0, ""final_accuracy"": 65.32}"
2026-01-25 04:36:04,finished_duplicate,job-5c5e00dd,Cluster_Default,0,Duplicate final status ignored,"{""exit_code"": 0, ""stderr_tail"": ""2026-01-25 04:35:05,211 DDP_Script [Rank 0] [INFO] val acc 64.11%\n2026-01-25 04:35:05,241 httpx [INFO] HTTP Request: POST http://163.180.117.216:8000/report_progress \""HTTP/1.1 200 OK\""\n2026-01-25 04:35"", ""final_accuracy"": 65.32}"
2026-01-25 04:49:54,finished,job-68cc5887,clusterA,1,Done,"{""exit_code"": 0, ""final_accuracy"": 50.91743119266055}"
2026-01-25 04:49:56,finished_duplicate,job-68cc5887,Cluster_Default,0,Duplicate final status ignored,"{""exit_code"": 0, ""stderr_tail"": ""och 19 \ub05d (local_steps=2105, global_steps=2105)\n2026-01-25 04:47:10,444 httpx [INFO] HTTP Request: POST http://163.180.117.216:8000/report_job_metrics \""HTTP/1.1 404 Not Found\""\n2026-01-25 04:47:11,014 D"", ""final_accuracy"": 50.91743119266055}"
2026-01-25 05:00:43,finished,job-db1ed076,clusterA,1,Done,"{""exit_code"": 0, ""final_accuracy"": 50.91743119266055}"
2026-01-25 05:00:45,finished_duplicate,job-db1ed076,Cluster_Default,0,Duplicate final status ignored,"{""exit_code"": 0, ""stderr_tail"": ""och 19 \ub05d (local_steps=2105, global_steps=2105)\n2026-01-25 04:58:00,235 httpx [INFO] HTTP Request: POST http://163.180.117.216:8000/report_job_metrics \""HTTP/1.1 404 Not Found\""\n2026-01-25 04:58:00,914 D"", ""final_accuracy"": 50.91743119266055}"
2026-01-25 05:00:48,started,job-8b464409,clusterA,4,"started_on=clusterA, g=4","{""nodes"": [""node_a"", ""node_b"", ""node_c"", ""node_d""], ""started_ts"": ""2026-01-25T05:00:48.029814""}"
2026-01-25 05:35:22,finished,job-8b464409,clusterA,4,Done,"{""exit_code"": 0, ""final_accuracy"": 53.9}"
2026-01-25 05:35:23,finished_duplicate,job-8b464409,Cluster_Default,0,Duplicate final status ignored,"{""exit_code"": 0, ""stderr_tail"": ""2026-01-25 05:30:04,000 DDP_Script [Rank 3] [INFO] val acc 53.61%\n2026-01-25 05:30:04,532 DDP_Script [Rank 3] [INFO] epoch 18 \uc2dc\uc791\n2026-01-25 05:30:04,550 DDP_Script [Rank 3] [INFO] DataLoader created w"", ""final_accuracy"": 53.9}"
2026-01-25 05:35:23,finished_duplicate,job-8b464409,Cluster_Default,0,Duplicate final status ignored,"{""exit_code"": 0, ""stderr_tail"": ""NFO] epoch 19 \ub05d (local_steps=391, global_steps=391)\n2026-01-25 05:33:32,557 httpx [INFO] HTTP Request: POST http://163.180.117.216:8000/report_job_metrics \""HTTP/1.1 404 Not Found\""\n2026-01-25 05:33:35,"", ""final_accuracy"": 53.9}"
2026-01-25 05:35:23,started,job-ef297406,clusterA,4,"started_on=clusterA, g=4","{""nodes"": [""node_a"", ""node_b"", ""node_c"", ""node_d""], ""started_ts"": ""2026-01-25T05:35:23.677040""}"
2026-01-25 05:35:23,finished_duplicate,job-8b464409,Cluster_Default,0,Duplicate final status ignored,"{""exit_code"": 0, ""stderr_tail"": ""2026-01-25 05:30:04,001 DDP_Script [Rank 2] [INFO] val acc 53.61%\n2026-01-25 05:30:04,532 DDP_Script [Rank 2] [INFO] epoch 18 \uc2dc\uc791\n2026-01-25 05:30:04,550 DDP_Script [Rank 2] [INFO] DataLoader created w"", ""final_accuracy"": 53.9}"
2026-01-25 05:35:25,finished_duplicate,job-8b464409,Cluster_Default,0,Duplicate final status ignored,"{""exit_code"": 0, ""stderr_tail"": ""2026-01-25 05:30:04,001 DDP_Script [Rank 1] [INFO] val acc 53.61%\n2026-01-25 05:30:04,532 DDP_Script [Rank 1] [INFO] epoch 18 \uc2dc\uc791\n2026-01-25 05:30:04,549 DDP_Script [Rank 1] [INFO] DataLoader created w"", ""final_accuracy"": 53.9}"
2026-01-25 05:39:32,finished,job-9295e00b,clusterB,1,Done,"{""exit_code"": 0, ""final_accuracy"": 50.91743119266055}"
2026-01-25 05:39:34,started,job-79e1760a,clusterB,4,"started_on=clusterB, g=4","{""nodes"": [""node_e"", ""node_f"", ""node_g"", ""node_h""], ""started_ts"": ""2026-01-25T05:39:34.011797""}"
2026-01-25 05:39:34,finished_duplicate,job-9295e00b,Cluster_Default,0,Duplicate final status ignored,"{""exit_code"": 0, ""stderr_tail"": ""och 19 \ub05d (local_steps=4210, global_steps=4210)\n2026-01-25 05:34:45,449 httpx [INFO] HTTP Request: POST http://163.180.117.216:8000/report_job_metrics \""HTTP/1.1 404 Not Found\""\n2026-01-25 05:34:46,163 D"", ""final_accuracy"": 50.91743119266055}"
2026-01-25 06:10:15,finished,job-ef297406,clusterA,4,Done,"{""exit_code"": 0, ""final_accuracy"": 55.18}"
2026-01-25 06:10:15,finished_duplicate,job-ef297406,Cluster_Default,0,Duplicate final status ignored,"{""exit_code"": 0, ""stderr_tail"": ""2026-01-25 06:04:55,570 DDP_Script [Rank 1] [INFO] val acc 53.12%\n2026-01-25 06:04:56,135 DDP_Script [Rank 1] [INFO] epoch 18 \uc2dc\uc791\n2026-01-25 06:04:56,152 DDP_Script [Rank 1] [INFO] DataLoader created w"", ""final_accuracy"": 55.18}"
2026-01-25 06:10:16,finished_duplicate,job-ef297406,Cluster_Default,0,Duplicate final status ignored,"{""exit_code"": 0, ""stderr_tail"": ""2026-01-25 06:04:55,570 DDP_Script [Rank 3] [INFO] val acc 53.12%\n2026-01-25 06:04:56,135 DDP_Script [Rank 3] [INFO] epoch 18 \uc2dc\uc791\n2026-01-25 06:04:56,153 DDP_Script [Rank 3] [INFO] DataLoader created w"", ""final_accuracy"": 55.18}"
2026-01-25 06:10:17,finished_duplicate,job-ef297406,Cluster_Default,0,Duplicate final status ignored,"{""exit_code"": 0, ""stderr_tail"": ""NFO] epoch 19 \ub05d (local_steps=391, global_steps=391)\n2026-01-25 06:08:24,004 httpx [INFO] HTTP Request: POST http://163.180.117.216:8000/report_job_metrics \""HTTP/1.1 404 Not Found\""\n2026-01-25 06:08:27,"", ""final_accuracy"": 55.18}"
2026-01-25 06:10:17,finished_duplicate,job-ef297406,Cluster_Default,0,Duplicate final status ignored,"{""exit_code"": 0, ""stderr_tail"": ""2026-01-25 06:04:55,570 DDP_Script [Rank 2] [INFO] val acc 53.12%\n2026-01-25 06:04:56,134 DDP_Script [Rank 2] [INFO] epoch 18 \uc2dc\uc791\n2026-01-25 06:04:56,147 DDP_Script [Rank 2] [INFO] DataLoader created w"", ""final_accuracy"": 55.18}"
2026-01-25 06:10:19,started,job-074c0067,clusterA,4,"started_on=clusterA, g=4","{""nodes"": [""node_a"", ""node_b"", ""node_c"", ""node_d""], ""started_ts"": ""2026-01-25T06:10:19.607392""}"
2026-01-25 06:24:07,finished,job-79e1760a,clusterB,4,Done,"{""exit_code"": 0, ""final_accuracy"": 53.05}"
2026-01-25 06:24:09,finished_duplicate,job-79e1760a,Cluster_Default,0,Duplicate final status ignored,"{""exit_code"": 0, ""stderr_tail"": ""NFO] epoch 19 \ub05d (local_steps=391, global_steps=391)\n2026-01-25 06:21:51,494 httpx [INFO] HTTP Request: POST http://163.180.117.216:8000/report_job_metrics \""HTTP/1.1 404 Not Found\""\n2026-01-25 06:21:55,"", ""final_accuracy"": 53.05}"
2026-01-25 06:24:09,started,job-7823784b,clusterB,4,"started_on=clusterB, g=4","{""nodes"": [""node_e"", ""node_f"", ""node_g"", ""node_h""], ""started_ts"": ""2026-01-25T06:24:09.993090""}"
2026-01-25 06:24:12,finished_duplicate,job-79e1760a,Cluster_Default,0,Duplicate final status ignored,"{""exit_code"": 0, ""stderr_tail"": ""2026-01-25 06:17:31,487 DDP_Script [Rank 1] [INFO] val acc 52.21%\n2026-01-25 06:17:33,168 DDP_Script [Rank 1] [INFO] epoch 18 \uc2dc\uc791\n2026-01-25 06:17:33,175 DDP_Script [Rank 1] [INFO] DataLoader created w"", ""final_accuracy"": 53.05}"
2026-01-25 06:24:13,finished_duplicate,job-79e1760a,Cluster_Default,0,Duplicate final status ignored,"{""exit_code"": 0, ""stderr_tail"": ""2026-01-25 06:17:31,487 DDP_Script [Rank 3] [INFO] val acc 52.21%\n2026-01-25 06:17:33,168 DDP_Script [Rank 3] [INFO] epoch 18 \uc2dc\uc791\n2026-01-25 06:17:33,179 DDP_Script [Rank 3] [INFO] DataLoader created w"", ""final_accuracy"": 53.05}"
2026-01-25 06:24:13,finished_duplicate,job-79e1760a,Cluster_Default,0,Duplicate final status ignored,"{""exit_code"": 0, ""stderr_tail"": ""2026-01-25 06:17:31,487 DDP_Script [Rank 2] [INFO] val acc 52.21%\n2026-01-25 06:17:33,205 DDP_Script [Rank 2] [INFO] epoch 18 \uc2dc\uc791\n2026-01-25 06:17:33,225 DDP_Script [Rank 2] [INFO] DataLoader created w"", ""final_accuracy"": 53.05}"
2026-01-25 06:45:09,finished,job-074c0067,clusterA,4,Done,"{""exit_code"": 0, ""stderr_tail"": ""2026-01-25 06:39:48,002 DDP_Script [Rank 2] [INFO] val acc 52.92%\n2026-01-25 06:39:48,669 DDP_Script [Rank 2] [INFO] epoch 18 \uc2dc\uc791\n2026-01-25 06:39:48,686 DDP_Script [Rank 2] [INFO] DataLoader created w"", ""final_accuracy"": 53.91}"
2026-01-25 06:45:10,started,job-604d074d,clusterA,4,"started_on=clusterA, g=4","{""nodes"": [""node_a"", ""node_b"", ""node_c"", ""node_d""], ""started_ts"": ""2026-01-25T06:45:10.521521""}"
2026-01-25 06:45:10,finished_duplicate,job-074c0067,Cluster_Default,0,Duplicate final status ignored,"{""exit_code"": 0, ""final_accuracy"": 53.91}"
2026-01-25 06:45:11,finished_duplicate,job-074c0067,Cluster_Default,0,Duplicate final status ignored,"{""exit_code"": 0, ""stderr_tail"": ""2026-01-25 06:39:48,002 DDP_Script [Rank 1] [INFO] val acc 52.92%\n2026-01-25 06:39:48,669 DDP_Script [Rank 1] [INFO] epoch 18 \uc2dc\uc791\n2026-01-25 06:39:48,686 DDP_Script [Rank 1] [INFO] DataLoader created w"", ""final_accuracy"": 53.91}"
2026-01-25 06:45:12,finished_duplicate,job-074c0067,Cluster_Default,0,Duplicate final status ignored,"{""exit_code"": 0, ""stderr_tail"": ""NFO] epoch 19 \ub05d (local_steps=391, global_steps=391)\n2026-01-25 06:43:19,792 httpx [INFO] HTTP Request: POST http://163.180.117.216:8000/report_job_metrics \""HTTP/1.1 404 Not Found\""\n2026-01-25 06:43:23,"", ""final_accuracy"": 53.91}"
2026-01-25 06:45:14,finished_duplicate,job-074c0067,Cluster_Default,0,Duplicate final status ignored,"{""exit_code"": 0, ""stderr_tail"": ""2026-01-25 06:39:48,002 DDP_Script [Rank 3] [INFO] val acc 52.92%\n2026-01-25 06:39:48,669 DDP_Script [Rank 3] [INFO] epoch 18 \uc2dc\uc791\n2026-01-25 06:39:48,690 DDP_Script [Rank 3] [INFO] DataLoader created w"", ""final_accuracy"": 53.91}"
2026-01-25 07:07:56,finished,job-7823784b,clusterB,4,Done,"{""exit_code"": 0, ""final_accuracy"": 54.37}"
2026-01-25 07:07:57,finished_duplicate,job-7823784b,Cluster_Default,0,Duplicate final status ignored,"{""exit_code"": 0, ""stderr_tail"": ""2026-01-25 07:01:24,635 DDP_Script [Rank 3] [INFO] val acc 52.61%\n2026-01-25 07:01:25,085 DDP_Script [Rank 3] [INFO] epoch 18 \uc2dc\uc791\n2026-01-25 07:01:25,094 DDP_Script [Rank 3] [INFO] DataLoader created w"", ""final_accuracy"": 54.37}"
2026-01-25 07:07:58,finished_duplicate,job-7823784b,Cluster_Default,0,Duplicate final status ignored,"{""exit_code"": 0, ""stderr_tail"": ""NFO] epoch 19 \ub05d (local_steps=391, global_steps=391)\n2026-01-25 07:05:40,474 httpx [INFO] HTTP Request: POST http://163.180.117.216:8000/report_job_metrics \""HTTP/1.1 404 Not Found\""\n2026-01-25 07:05:44,"", ""final_accuracy"": 54.37}"
2026-01-25 07:07:58,finished_duplicate,job-7823784b,Cluster_Default,0,Duplicate final status ignored,"{""exit_code"": 0, ""stderr_tail"": ""2026-01-25 07:01:24,635 DDP_Script [Rank 1] [INFO] val acc 52.61%\n2026-01-25 07:01:25,085 DDP_Script [Rank 1] [INFO] epoch 18 \uc2dc\uc791\n2026-01-25 07:01:25,092 DDP_Script [Rank 1] [INFO] DataLoader created w"", ""final_accuracy"": 54.37}"
2026-01-25 07:07:59,finished_duplicate,job-7823784b,Cluster_Default,0,Duplicate final status ignored,"{""exit_code"": 0, ""stderr_tail"": ""2026-01-25 07:01:24,635 DDP_Script [Rank 2] [INFO] val acc 52.61%\n2026-01-25 07:01:25,085 DDP_Script [Rank 2] [INFO] epoch 18 \uc2dc\uc791\n2026-01-25 07:01:25,095 DDP_Script [Rank 2] [INFO] DataLoader created w"", ""final_accuracy"": 54.37}"
2026-01-25 07:19:38,finished,job-604d074d,clusterA,4,Done,"{""exit_code"": 0, ""final_accuracy"": 54.11}"
2026-01-25 07:19:39,finished_duplicate,job-604d074d,Cluster_Default,0,Duplicate final status ignored,"{""exit_code"": 0, ""stderr_tail"": ""INFO] epoch 19 \ub05d (local_steps=391, global_steps=391)\n2026-01-25 07:17:51,819 httpx [INFO] HTTP Request: POST http://163.180.117.216:8000/report_job_metrics \""HTTP/1.1 404 Not Found\""\n2026-01-25 07:17:55"", ""final_accuracy"": 54.11}"
2026-01-25 07:19:40,finished_duplicate,job-604d074d,Cluster_Default,0,Duplicate final status ignored,"{""exit_code"": 0, ""stderr_tail"": ""2026-01-25 07:14:22,593 DDP_Script [Rank 2] [INFO] val acc 51.38%\n2026-01-25 07:14:23,513 DDP_Script [Rank 2] [INFO] epoch 18 \uc2dc\uc791\n2026-01-25 07:14:23,531 DDP_Script [Rank 2] [INFO] DataLoader created w"", ""final_accuracy"": 54.11}"
2026-01-25 07:19:42,finished_duplicate,job-604d074d,Cluster_Default,0,Duplicate final status ignored,"{""exit_code"": 0, ""stderr_tail"": ""2026-01-25 07:14:22,593 DDP_Script [Rank 3] [INFO] val acc 51.38%\n2026-01-25 07:14:23,514 DDP_Script [Rank 3] [INFO] epoch 18 \uc2dc\uc791\n2026-01-25 07:14:23,531 DDP_Script [Rank 3] [INFO] DataLoader created w"", ""final_accuracy"": 54.11}"
2026-01-25 07:19:43,finished_duplicate,job-604d074d,Cluster_Default,0,Duplicate final status ignored,"{""exit_code"": 0, ""stderr_tail"": ""2026-01-25 07:14:22,593 DDP_Script [Rank 1] [INFO] val acc 51.38%\n2026-01-25 07:14:23,513 DDP_Script [Rank 1] [INFO] epoch 18 \uc2dc\uc791\n2026-01-25 07:14:23,532 DDP_Script [Rank 1] [INFO] DataLoader created w"", ""final_accuracy"": 54.11}"
