job_id,cluster,model,dataset,world_size,train_time_sec,queued_sec,queued_calc,jct_sec,tct_calc,queued_diff,jct_diff,final_accuracy,suspicion_score,f_missing_ts,f_time_order,f_train_bad,f_queue_mis,f_jct_mis,f_acc_zero
job-a3f603ad4a40,clusterA,DeepSpeech2,ARCTIC,1,166.22229385375977,0.888864,0.8888640403747559,167.111159,167.11115789413452,4.037475587193029e-08,1.1058654649787059e-06,0.0,1,False,False,False,False,False,True
job-5820c8bc08a9,clusterA,DeepSpeech2,ARCTIC,1,166.3259139060974,0.097163,0.09716296195983887,166.423077,166.42307686805725,3.804016113218012e-08,1.3194275538808142e-07,0.0,1,False,False,False,False,False,True
job-286bdd38487e,clusterA,DeepSpeech2,ARCTIC,1,166.78562593460083,340.577649,340.5776491165161,507.363275,507.36327505111694,1.1651610520857503e-07,5.1116956001351355e-08,0.0,1,False,False,False,False,False,True
job-193b698f5849,clusterB,DeepSpeech2,ARCTIC,1,118.7280740737915,0.08789,0.0878899097442627,118.815964,118.81596398353577,9.0255737300593e-08,1.646422731482744e-08,0.0,1,False,False,False,False,False,True
job-e22f8bbc2d9a,clusterA,DistilBERT,SST-2,1,1774.3258810043335,670.961963,670.9619631767273,2445.287843,2445.287844181061,1.7672732610662933e-07,1.1810607247753069e-06,50.917431,0,False,False,False,False,False,False
job-ff23099b0490,clusterA,DistilBERT,SST-2,1,2188.504872083664,0.152517,0.15251708030700684,2188.657388,2188.657389163971,8.030700682226666e-08,1.1639708645816427e-06,50.917431,0,False,False,False,False,False,False
job-5bb65e0d2cf7,clusterB,DistilBERT,SST-2,1,2874.529279947281,0.249091,0.24908995628356934,2874.778371,2874.7783699035645,1.0437164306709157e-06,1.0964354260067921e-06,50.917431,0,False,False,False,False,False,False
job-f98f7d0c7967,clusterA,ResNet-18,CIFAR-100,1,930.5706329345703,0.63638,0.6363811492919922,931.207013,931.2070140838623,1.1492919922417855e-06,1.0838623438758077e-06,60.23,0,False,False,False,False,False,False
job-35f0b591c339,clusterA,EfficientNetV2-S,MNIST,2,2773.655189037323,0.384444,0.384443998336792,2774.039632,2774.03963303566,1.6632080157563678e-09,1.0356598068028688e-06,54.64,0,False,False,False,False,False,False
job-512a36b79641,clusterB,DenseNet-121,TinyImageNet,4,1847.8041470050812,1821.722418,1821.7224190235138,3669.526565,3669.526566028595,1.0235137324343668e-06,1.0285948519594967e-06,10.2,0,False,False,False,False,False,False
job-4fea8b4936a9,clusterA,ResNet-50,CIFAR-10,1,2325.0144350528717,426.827451,426.8274509906769,2751.841887,2751.8418860435486,9.323116501036566e-09,9.564514584781136e-07,85.03,0,False,False,False,False,False,False
job-47a0d712df67,clusterB,DistilBERT,SST-2,1,2593.476021051407,0.115201,0.11520099639892578,2593.591223,2593.591222047806,3.6010742165970555e-09,9.521941137791146e-07,50.917431,0,False,False,False,False,False,False
job-cccb578b9396,clusterA,DistilBERT,SST-2,1,1824.561462879181,1.030716,1.0307161808013916,1825.59218,1825.5921790599823,1.808013916360096e-07,9.400177987117786e-07,50.917431,0,False,False,False,False,False,False
job-7c70c674ff5e,clusterB,DistilBERT,SST-2,1,2487.25128698349,0.103237,0.10323691368103027,2487.354523,2487.354523897171,8.631896972199904e-08,8.971710485639051e-07,50.917431,0,False,False,False,False,False,False
job-d1f077f877fa,clusterA,ResNet-50,CIFAR-10,2,1365.8165380954742,946.144921,946.1449210643768,2311.96146,2311.961459159851,6.43768771624309e-08,8.401489139941987e-07,42.81,0,False,False,False,False,False,False
job-1be744827dc2,clusterA,ResNet-18,CIFAR-100,1,937.9999299049377,0.091553,0.09155392646789551,938.091483,938.0914838314056,9.264678955123173e-07,8.314056003655423e-07,62.99,0,False,False,False,False,False,False
job-13c0fa5bb6e2,clusterA,DeepSpeech2,ARCTIC,1,164.1262891292572,1368.496535,1368.49653506279,1532.622824,1532.6228241920471,6.278992259467486e-08,1.9204708223696798e-07,11.020366,0,False,False,False,False,False,False
job-807632364818,clusterB,ResNet-18,CIFAR-100,1,1140.8773441314697,0.10747,0.10747003555297852,1140.984814,1140.9848141670227,3.5552978519537426e-08,1.6702279026503675e-07,61.93,0,False,False,False,False,False,False
job-847ca8e91357,clusterA,DistilBERT,SST-2,1,1796.843610048294,0.991666,0.9916660785675049,1797.835276,1797.8352761268616,7.856750483536956e-08,1.2686155059782322e-07,50.917431,0,False,False,False,False,False,False
job-636952f28ede,clusterA,EfficientNetV2-S,MNIST,2,2612.9902470111847,0.117463,0.1174631118774414,2613.10771,2613.107710123062,1.1187744140828126e-07,1.2306190910749137e-07,99.38,0,False,False,False,False,False,False
job-31ca071a9443,clusterB,DistilBERT,SST-2,1,2335.8354918956757,0.091032,0.0910329818725586,2335.926525,2335.926524877548,9.818725585919452e-07,1.2245163816260174e-07,50.917431,0,False,False,False,False,False,False
job-2b2bc998c34b,clusterA,DeepSpeech2,ARCTIC,1,167.8947160243988,0.116851,0.1168510913848877,168.011567,168.0115671157837,9.138488769877551e-08,1.1578367775655352e-07,3.271277,0,False,False,False,False,False,False
job-19e26affe2b8,clusterB,ResNet-18,CIFAR-100,1,2019.8070847988129,1725.953298,1725.9532980918884,3745.760383,3745.7603828907013,9.188852345687337e-08,1.0929852578556165e-07,13.21,0,False,False,False,False,False,False
job-3e7dea760448,clusterA,ResNet-50,CIFAR-10,1,2248.2151889801025,916.475726,916.4757261276245,3164.690915,3164.690915107727,1.27624502965773e-07,1.0772691894089803e-07,85.94,0,False,False,False,False,False,False
job-8fddd7e82312,clusterA,DistilBERT,SST-2,1,1819.8134329319,54.559208,54.55920696258545,1874.37264,1874.3726398944855,1.0374145489322473e-06,1.0551457307883538e-07,50.917431,0,False,False,False,False,False,False
job-b5f707ff9dc1,clusterA,DeepSpeech2,ARCTIC,1,173.92105507850647,0.648745,0.6487448215484619,174.5698,174.56979990005493,1.784515381020313e-07,9.994505489885341e-08,8.870603,0,False,False,False,False,False,False
job-44033c137fca,clusterA,EfficientNetV2-S,MNIST,2,2699.0752630233765,0.700549,0.7005488872528076,2699.775812,2699.7758119106293,1.1274719236009645e-07,8.937058737501502e-08,54.57,0,False,False,False,False,False,False
job-c32adeb5dc90,clusterB,DenseNet-121,TinyImageNet,4,2078.2939829826355,1753.636221,1753.6362209320068,3831.930204,3831.9302039146423,6.799314178351779e-08,8.535744200344197e-08,9.46,0,False,False,False,False,False,False
job-9786cfca4671,clusterA,EfficientNetV2-S,MNIST,1,3960.8359940052032,0.148285,0.148284912109375,3960.984279,3960.9842789173126,8.789062500014211e-08,8.268716555903666e-08,99.54,0,False,False,False,False,False,False
job-1ecb4752fe1b,clusterA,ResNet-18,CIFAR-100,1,949.4498751163483,1099.251195,1099.2511949539185,2048.70107,2048.7010700702667,4.60815954284044e-08,7.026665116427466e-08,62.72,0,False,False,False,False,False,False
job-b85951c75515,clusterA,DistilBERT,SST-2,1,1788.3368380069733,0.094567,0.09456706047058105,1788.431405,1788.4314050674438,6.047058105640435e-08,6.744380698364694e-08,50.917431,0,False,False,False,False,False,False
job-305f13656c7f,clusterA,EfficientNetV2-S,MNIST,1,3927.573632955551,98.879573,98.87957310676575,4026.453206,4026.453206062317,1.0676575357138063e-07,6.23167579760775e-08,99.52,0,False,False,False,False,False,False
job-19e76a7bcd79,clusterA,ResNet-50,CIFAR-10,1,2335.5863049030304,0.880125,0.8801250457763672,2336.46643,2336.4664299488068,4.577636714131472e-08,5.11931830260437e-08,85.65,0,False,False,False,False,False,False
job-b182031da1ad,clusterB,DistilBERT,SST-2,1,2295.041163921356,0.078606,0.07860612869262695,2295.11977,2295.119770050049,1.286926269578048e-07,5.0049038691213354e-08,50.917431,0,False,False,False,False,False,False
job-0bc1f00a105a,clusterA,ResNet-18,CIFAR-100,1,1014.8624730110168,0.065651,0.06565093994140625,1014.928124,1014.9281239509583,6.005859375102229e-08,4.9041773308999836e-08,59.05,0,False,False,False,False,False,False
job-3da78ab9cc91,clusterA,DeepSpeech2,ARCTIC,1,172.92853116989136,673.376521,673.3765208721161,846.305052,846.3050520420074,1.2788393632945372e-07,4.2007400224974845e-08,8.963608,0,False,False,False,False,False,False
job-b13502ebf55d,clusterB,DistilBERT,SST-2,1,1958.1495921611786,2959.209403,2959.2094027996063,4917.358995,4917.358994960785,2.0039351511513814e-07,3.921468305634335e-08,50.917431,0,False,False,False,False,False,False
job-eeea888a12d5,clusterB,DenseNet-121,TinyImageNet,4,1837.9703328609467,449.34177,449.34177017211914,2287.312103,2287.312103033066,1.7211914382642135e-07,3.306558937765658e-08,10.55,0,False,False,False,False,False,False
job-895f09214b46,clusterB,DenseNet-121,TinyImageNet,4,1829.2405531406403,1998.753286,1998.7532858848572,3827.993839,3827.9938390254974,1.1514271136547904e-07,2.5497229216853157e-08,9.43,0,False,False,False,False,False,False
job-7d24aff7737a,clusterA,EfficientNetV2-S,MNIST,1,3839.643315076828,0.095821,0.09582090377807617,3839.739136,3839.739135980606,9.622192383151873e-08,1.9394065020605922e-08,99.57,0,False,False,False,False,False,False
job-c2035056916a,clusterA,DeepSpeech2,ARCTIC,1,163.1098599433899,0.407885,0.4078850746154785,163.517745,163.51774501800537,7.461547851805861e-08,1.8005380297836382e-08,10.306235,0,False,False,False,False,False,False
job-e1b99f7475a8,clusterB,DenseNet-121,TinyImageNet,4,1800.6612260341644,2011.156319,2011.156317949295,3811.817544,3811.8175439834595,1.050704895533272e-06,1.654052539379336e-08,11.65,0,False,False,False,False,False,False
job-0b05369569e5,clusterA,DeepSpeech2,ARCTIC,1,168.00425386428833,1.037413,1.0374131202697754,169.041667,169.0416669845581,1.2026977547208162e-07,1.5441884215761092e-08,1.331644,0,False,False,False,False,False,False
job-610b4f223d5f,clusterB,DistilBERT,SST-2,1,2304.021100997925,0.089128,0.08912801742553711,2304.110229,2304.1102290153503,1.742553711048256e-08,1.5350451576523483e-08,50.917431,0,False,False,False,False,False,False
job-412e53126db2,clusterA,DistilBERT,SST-2,1,1799.2280550003052,927.846766,927.8467659950256,2727.074821,2727.074820995331,4.974367584509309e-09,4.6693457989022136e-09,50.917431,0,False,False,False,False,False,False
job-cf4dd60d0c3f,clusterB,DistilBERT,SST-2,1,1753.204656124115,0.623541,0.6235408782958984,1753.828197,1753.828197002411,1.217041015744158e-07,2.4108430807245895e-09,50.917431,0,False,False,False,False,False,False
