ts,event,job_id,queue_len_after,note
2025-11-18 23:01:07,enqueue,job-6f629c04d7cc,1,"g=4, batch=128"
2025-11-18 23:01:07,dequeue_start,job-6f629c04d7cc,0,"g=4, cluster=clusterA"
2025-11-18 23:04:23,enqueue,job-ca2f165af851,1,"g=2, batch=128"
2025-11-18 23:04:24,dequeue_start,job-ca2f165af851,0,"g=2, cluster=clusterB"
2025-11-18 23:09:25,enqueue,job-d1c88f69332e,1,"g=2, batch=64"
2025-11-18 23:09:25,dequeue_start,job-d1c88f69332e,0,"g=2, cluster=clusterA"
2025-11-18 23:13:13,enqueue,job-ee9d4afd8320,1,"g=1, batch=32"
2025-11-18 23:13:14,enqueue,job-fee4457ed8be,2,"g=2, batch=64"
2025-11-18 23:13:14,dequeue_start,job-ee9d4afd8320,1,"g=1, cluster=clusterA"
2025-11-18 23:13:14,dequeue_start,job-fee4457ed8be,0,"g=2, cluster=clusterB"
2025-11-18 23:18:57,enqueue,job-4015dded961c,1,"g=4, batch=32"
2025-11-18 23:22:34,enqueue,job-9121b6eb21d5,2,"g=2, batch=64"
2025-11-18 23:24:00,enqueue,job-19ec5d8f9974,3,"g=1, batch=64"
2025-11-18 23:25:33,enqueue,job-e834ec257f4f,4,"g=4, batch=32"
2025-11-18 23:35:02,enqueue,job-1f44efa0f22b,5,"g=2, batch=16"
2025-11-18 23:36:35,enqueue,job-7a7622e05d1a,6,"g=1, batch=16"
2025-11-18 23:37:30,enqueue,job-90df451b95f0,7,"g=1, batch=16"
2025-11-18 23:48:15,enqueue,job-2d4dabde4d2d,8,"g=2, batch=64"
2025-11-18 23:54:49,enqueue,job-d1d756ea9ece,9,"g=4, batch=32"
2025-11-18 23:57:46,enqueue,job-35e59f038d19,10,"g=2, batch=32"
2025-11-18 23:58:29,enqueue,job-9b302132f812,11,"g=1, batch=64"
2025-11-19 00:08:10,dequeue_start,job-4015dded961c,10,"g=4, cluster=clusterB"
2025-11-19 00:08:10,dequeue_start,job-9121b6eb21d5,9,"g=2, cluster=clusterA"
2025-11-19 00:09:13,dequeue_start,job-19ec5d8f9974,8,"g=1, cluster=clusterA"
2025-11-19 00:10:46,enqueue,job-25c2f5490a06,9,"g=4, batch=8"
2025-11-19 00:12:24,enqueue,job-ff9420a3efeb,10,"g=1, batch=32"
2025-11-19 00:20:36,enqueue,job-59aafe3914ff,11,"g=1, batch=64"
2025-11-19 00:26:50,enqueue,job-c6e3c0052139,12,"g=1, batch=64"
2025-11-19 00:31:25,dequeue_start,job-e834ec257f4f,11,"g=4, cluster=clusterB"
2025-11-19 00:48:27,enqueue,job-722e99f338a9,12,"g=1, batch=64"
2025-11-19 00:49:16,enqueue,job-2064572d9166,13,"g=1, batch=8"
2025-11-19 00:49:54,dequeue_start,job-1f44efa0f22b,12,"g=2, cluster=clusterA"
2025-11-19 00:49:54,dequeue_start,job-7a7622e05d1a,11,"g=1, cluster=clusterA"
2025-11-19 01:01:53,enqueue,job-573972db6da2,12,"g=1, batch=32"
2025-11-19 01:03:05,enqueue,job-068677de41f8,13,"g=2, batch=8"
2025-11-19 01:05:59,enqueue,job-22de28aadea9,14,"g=2, batch=32"
2025-11-19 01:09:41,dequeue_start,job-90df451b95f0,13,"g=1, cluster=clusterA"
2025-11-19 01:10:51,enqueue,job-9ad5dfe4f64f,14,"g=2, batch=16"
2025-11-19 01:12:23,enqueue,job-90badb15bed9,15,"g=2, batch=16"
2025-11-19 01:13:07,dequeue_start,job-2d4dabde4d2d,14,"g=2, cluster=clusterB"
2025-11-19 01:22:20,enqueue,job-4ab0fa14efdb,15,"g=2, batch=32"
2025-11-19 01:23:22,enqueue,job-2b6d0923985c,16,"g=1, batch=64"
2025-11-19 01:28:20,enqueue,job-d4d2944f52aa,17,"g=2, batch=64"
2025-11-19 01:51:29,enqueue,job-07e3d09a9436,18,"g=1, batch=32"
2025-11-19 01:51:38,enqueue,job-9d21c74b9679,19,"g=1, batch=128"
2025-11-19 01:55:41,dequeue_start,job-d1d756ea9ece,18,"g=4, cluster=clusterB"
2025-11-19 01:59:47,enqueue,job-7af7af3a176b,19,"g=4, batch=16"
2025-11-19 02:08:55,dequeue_start,job-35e59f038d19,18,"g=2, cluster=clusterB"
2025-11-19 02:08:56,dequeue_start,job-9b302132f812,17,"g=1, cluster=clusterB"
2025-11-19 02:17:26,enqueue,job-5159a589bccc,18,"g=2, batch=16"
2025-11-19 02:26:30,enqueue,job-927122577ccd,19,"g=1, batch=16"
2025-11-19 02:33:21,enqueue,job-b7ab45eecf05,20,"g=1, batch=32"
2025-11-19 02:38:23,enqueue,job-ca431e7bd3f6,21,"g=1, batch=16"
2025-11-19 02:39:08,enqueue,job-059ce15e7f87,22,"g=2, batch=64"
2025-11-19 02:40:02,enqueue,job-5c8277534b02,23,"g=1, batch=16"
2025-11-19 02:40:34,enqueue,job-c6aaa0d5dce8,24,"g=4, batch=64"
2025-11-19 02:48:46,enqueue,job-0d869b4fd666,25,"g=2, batch=64"
2025-11-19 02:48:55,enqueue,job-aa530d7d982e,26,"g=1, batch=64"
2025-11-19 02:53:32,enqueue,job-98d0283b376b,27,"g=4, batch=32"
2025-11-19 02:53:37,enqueue,job-f23acd42074b,28,"g=2, batch=64"
2025-11-19 02:53:44,enqueue,job-cb69326130c3,29,"g=1, batch=32"
2025-11-19 03:01:08,enqueue,job-188262f92604,30,"g=2, batch=32"
2025-11-19 03:17:09,enqueue,job-2720edebd74d,31,"g=2, batch=128"
2025-11-19 03:19:01,enqueue,job-bd348cbbeb29,32,"g=1, batch=64"
2025-11-19 03:22:25,dequeue_start,job-25c2f5490a06,31,"g=4, cluster=clusterB"
2025-11-19 03:22:25,dequeue_start,job-ff9420a3efeb,30,"g=1, cluster=clusterA"
2025-11-19 03:22:25,dequeue_start,job-59aafe3914ff,29,"g=1, cluster=clusterA"
2025-11-19 03:25:32,enqueue,job-bcecf5cd3e92,30,"g=1, batch=64"
2025-11-19 03:26:18,enqueue,job-fb0fd8c4b738,31,"g=1, batch=32"
2025-11-19 03:28:21,dequeue_start,job-c6e3c0052139,30,"g=1, cluster=clusterB"
2025-11-19 03:28:21,dequeue_start,job-722e99f338a9,29,"g=1, cluster=clusterB"
2025-11-19 03:28:21,dequeue_start,job-2064572d9166,28,"g=1, cluster=clusterB"
2025-11-19 03:28:21,dequeue_start,job-573972db6da2,27,"g=1, cluster=clusterB"
2025-11-19 03:47:30,dequeue_start,job-068677de41f8,26,"g=2, cluster=clusterB"
2025-11-19 03:54:39,dequeue_start,job-22de28aadea9,25,"g=2, cluster=clusterB"
2025-11-19 04:18:23,dequeue_start,job-9ad5dfe4f64f,24,"g=2, cluster=clusterB"
2025-11-19 05:04:20,dequeue_start,job-90badb15bed9,23,"g=2, cluster=clusterA"
2025-11-19 05:08:26,dequeue_start,job-4ab0fa14efdb,22,"g=2, cluster=clusterA"
2025-11-19 05:08:26,dequeue_start,job-2b6d0923985c,21,"g=1, cluster=clusterA"
2025-11-19 05:11:05,dequeue_start,job-d4d2944f52aa,20,"g=2, cluster=clusterA"
2025-11-19 05:36:27,dequeue_start,job-07e3d09a9436,19,"g=1, cluster=clusterA"
2025-11-19 05:39:14,dequeue_start,job-9d21c74b9679,18,"g=1, cluster=clusterA"
2025-11-19 06:14:30,dequeue_start,job-7af7af3a176b,17,"g=4, cluster=clusterA"
2025-11-19 06:14:31,dequeue_start,job-5159a589bccc,16,"g=2, cluster=clusterB"
2025-11-19 06:17:32,dequeue_start,job-927122577ccd,15,"g=1, cluster=clusterA"
2025-11-19 06:17:32,dequeue_start,job-b7ab45eecf05,14,"g=1, cluster=clusterA"
2025-11-19 06:17:32,dequeue_start,job-ca431e7bd3f6,13,"g=1, cluster=clusterA"
2025-11-19 06:21:32,dequeue_start,job-059ce15e7f87,12,"g=2, cluster=clusterA"
2025-11-19 07:02:51,dequeue_start,job-5c8277534b02,11,"g=1, cluster=clusterA"
2025-11-19 09:50:12,dequeue_start,job-c6aaa0d5dce8,10,"g=4, cluster=clusterB"
2025-11-19 09:50:12,dequeue_start,job-0d869b4fd666,9,"g=2, cluster=clusterA"
2025-11-19 10:03:21,dequeue_start,job-aa530d7d982e,8,"g=1, cluster=clusterA"
2025-11-19 10:19:53,dequeue_start,job-98d0283b376b,7,"g=4, cluster=clusterB"
2025-11-19 10:19:53,dequeue_start,job-f23acd42074b,6,"g=2, cluster=clusterA"
2025-11-19 10:23:33,dequeue_start,job-cb69326130c3,5,"g=1, cluster=clusterB"
2025-11-19 10:23:33,dequeue_start,job-188262f92604,4,"g=2, cluster=clusterB"
2025-11-19 10:27:45,dequeue_start,job-2720edebd74d,3,"g=2, cluster=clusterB"
2025-11-19 10:52:15,dequeue_start,job-bd348cbbeb29,2,"g=1, cluster=clusterB"
2025-11-19 10:52:15,dequeue_start,job-bcecf5cd3e92,1,"g=1, cluster=clusterB"
2025-11-19 10:53:46,dequeue_start,job-fb0fd8c4b738,0,"g=1, cluster=clusterA"
